name,location
10Q Chicken,"1630 Sherman Ave, Evanston, IL 60201"
1492 Cuban Fusion,"2615 IL-64, Chicago, IL 60647"
15/20 Lounge,"2428 S Wallace St, Chicago, IL 60616"
25 Degrees,"100 W Superior St, Chicago, IL 60654"
3 Arts Club Cafe,"1300 N Dearborn Pkwy, Chicago, IL 60610"
3 Greens Market,"354 W Hubbard St, Chicago, IL 60654"
3rd Coast Cafe,"1260 N Dearborn St, Chicago, IL 60610"
3rd Generation Sake Bar,"783 W 7th St, Los Angeles, CA 90017"
527 Cafe,"527 Davis St, Evanston, IL 60201"
7 Hills Brewing,"1098 Jackson St, Dubuque, IA 52001"
707 Sutter,"704 Sutter St, San Francisco, CA 94109"
800° Woodfired Kitchen Pizza + Rotisserie,"100 Wilshire Blvd, Los Angeles, CA 90017"
826LA,"702 E 4th Pl, Los Angeles, CA 90013"
85°C Bakery Cafe-Downtown LA,"442 S Hope St, Los Angeles, CA 90017"
8th Wonder Brewery,"1211 Hutchins St, Houston, TX 77003"
90 Miles Cuban Café,"2553 W Armitage Ave, Chicago, IL 60647"
āina,"900 22nd St, San Francisco, CA 94107"
Aba,"832 W Fulton St, Chicago, IL 60661"
ABC the Tavern,"11460 Uptown Ave, Cleveland, OH 44106"
Abiko Curry,"2W W 32nd St, New York, NY 10001"
AceBounce,"232 N Clark St, Chicago, IL 60601"
Acme Feed & Seed,"105 1st Ave S, Nashville, TN 37201"
Acme Oyster House,"726 Iberville St, New Orleans, LA 70130"
Adeep India,"207 W McMillan St, Cincinnati, OH 45219"
Aeté Rooftop,"250 Eldridge St, New York, NY 10002"
Aha Crepe,"2433 N Clark St, Chicago, IL 60614"
Aisini Nail & Foot Massage,"247 W Cermak Rd, Chicago, IL 60616"
AJ Bombers,"1245-1247 N Water St, Milwaukee, WI 53202"
Alfred Coffee Beverly Hills,"475 N Beverly Dr, Beverly Hills, CA 90210"
Alhambra Palace,"1308 W Randolph St, Chicago, IL 60607"
Alinea,"1723n N Halsted St, Chicago, IL 60614"
aliveOne,"753 W Schubert Ave, Chicago, IL 60614"
Aloette,"163 Spadina Ave., Toronto, ON M5V 2A5, C"
Aloha Poke,"131 N Clinton St, Chicago, IL 60661"
American Flatbread,"117 St Paul St, Burlington, VT 05401"
Ample Hills Creamery,"600 11th Ave, New York, NY 10036"
Andros Taverna,"2542 N Milwaukee Ave, Chicago, IL 60647"
Angel City Brewery,"830 Traction Ave, Los Angeles, CA 90013"
Angelina Ristorante,"3555 N Broadway, Chicago, IL 60657"
Angry Pig Tavern,"2041 W North Ave, Chicago, IL 60647"
Animal,"437 N Fairfax Ave, Los Angeles, CA 90036"
Ann Sather Restaurant & Catering,"3415 N Broadway, Chicago, IL 60657"
Ant,"841 S Spring St, Los Angeles, CA 90014"
Antique Taco,"1379 N Wood St, Chicago, IL 60622"
Antonio's Trattoria,"649 Crescent Ave, The Bronx, NY 10458"
Anzutei,"541 S Spring St, Los Angeles, CA 90013"
Arbella,"6 W Grand Ave, Chicago, IL 60654"
Ard Bia at Nimmos,"4 Mainguard St, Galway, Co. Galway, H91 K099, Ir"
Arizmendi Bakery,"1272 Valencia St, San Francisco, CA 94110"
Armoury DE,"2714 1/2 Elm St, Dallas, TX 75226"
Art Marble 21,"800 Westlake Ave N, Seattle, WA 98109"
Arthur's,"2700 Gregson Pl, Cincinnati, OH 45208"
Artichoke Basille's Pizza,"325 E 14th St, New York, NY 10003"
Arts District Brewing Company,"830 Traction Ave, Los Angeles, CA 90013"
Arturo's Tacos,"2344 W Armitage Ave, Chicago, IL 60647"
Astoria Pastry Shop,"539 Monroe St, Detroit, MI 48226"
Astro Doughnuts & Fried Chicken,"507 W 6th St, Los Angeles, CA 90014"
Athena Greek Restaurant,"201 S Halsted St, Chicago, IL 60661"
Au Cheval,"150 N Halsted St, Chicago, IL 60607"
Au Za'atar,"357 E 58th St, New York, NY 10022"
Aunt Jake's,"183 Grand St, New York, NY 10013"
Aviary Cafe - Downtown,"402 E Walnut St, Springfield, MO 65806"
Avli - River North,"206 W Huron St, Chicago, IL 60654"
Avli on the Park,"404 E Randolph St, Chicago, IL 60601"
Awash Ethiopian Restaurant,"944 Amsterdam Ave, New York, NY 10025"
Axelrad,"1619 Winbern St, Houston, TX 77004"
Azul,"1177n N Elston Ave, Chicago, IL 60642"
Ba Bar,"554 12th Ave, Seattle, WA 98122"
Ba Le Sandwich,"5010 N Broadway, Chicago, IL 60640"
Bacchanal Buffet,"1 Caesars Palace Dr, Las Vegas, NV 89109"
Bad Harriet,"330 E Main St, Aspen, CO 81611"
Bad Hunter,"806 W Randolph St, Chicago, IL 60607"
Bake,"2246 IL-64, Chicago, IL 60647"
Bakersville,"8375 W Golf Rd, Niles, IL 60714"
BAMBU,"1155 S Federal Blvd, Denver, CO 80219"
Bang Bang Pie & Biscuits,"2053 N California Ave, Chicago, IL 60647"
Bangers & Lace Evanston,"1520 Sherman Ave, Evanston, IL 60201"
Bangers Sausage House & Beer Garden,"76 N Interstate Hwy 35, Austin, TX 78701"
Baptiste & Bottle,"111 E Erie St, Chicago, IL 60611"
BAR Ama,"120 4th St, Los Angeles, CA 90013"
Bar Cargo,"607n N Wells St, Chicago, IL 60654"
Bar Del Mar,"7628 Liberty Way, West Chester Township, OH 45069"
"Bar Goa, an Indian Gastropub","435 N LaSalle Blvd, Chicago, IL 60654"
Bar Jackalope,"521 W 7th St, Los Angeles, CA 90017"
Bar Lubitsch,"7702 Historic Rte 66, West Hollywood, CA 90046"
Bar Ramone,"443 N Clark St, Chicago, IL 60654"
Bar Siena,"154 N Green St, Chicago, IL 60607"
Bar Takito,"958 W Lake St, Chicago, IL 60607"
Bar-B-Que Caboose,"214 Main St, Lynchburg, TN 37352"
Barcelona Tapas Bar,"C. Matamoros 146, 5 de Diciembre, 48304 Puerto Vallarta, Jal., M"
Barlow,"1000 SW Park Ave, Portland, OR 97205"
Barrel Down,"515 W 7th St, Los Angeles, CA 90014"
Barrio,"2466 Fairmount Blvd, Cleveland Heights, OH 44106"
Barrio Queen,"7106e E Stetson Dr, Scottsdale, AZ 85251"
Bastards Canteen,"11037 Downey Ave, Downey, CA 90241"
Bat 17,"1707 Benson Ave, Evanston, IL 60201"
Batavia Coffee Bar,"518 W 6th St, Los Angeles, CA 90014"
BB Bun Mi Express,"3356 N Broadway, Chicago, IL 60657"
Beard Papa's,"1916 W North Ave, Chicago, IL 60622"
Beatrix,"515 N Clark St, Chicago, IL 60654"
Beatrix - Streeterville,"661 N St Clair St, Chicago, IL 60611"
Beauty Bar,"229E E 14th St, New York, NY 10003"
Beaux,"3995 17th St, San Francisco, CA 94114"
Bebebar,"3806a 18th St, San Francisco, CA 94114"
Beermiscuous,"2810 N Lincoln Ave, Chicago, IL 60657"
Bella Coco Cafe,"1005 Wilshire Blvd, Los Angeles, CA 90017"
Bella Notte Chicago,"1376a W Grand Ave, Chicago, IL 60642"
bellagreen,"2303 W Alabama St, Houston, TX 77098"
Bestia,"2117 Violet St, Los Angeles, CA 90021"
Bhoomi Modern Indian Grill,"25 W Washington St, Chicago, IL 60602"
BIBIBOP Asian Grill,"7616 Blake St, Liberty Township, OH 45069"
Biergarten,"204 N Western Ave, Los Angeles, CA 90004"
BIG & little's Restaurant,"1036 W Belmont Ave, Chicago, IL 60657"
Big Boss Spicy Fried Chicken,"2614 S Halsted St, Chicago, IL 60608"
Big Catch Seafood House,"133 E Broadway, Long Beach, CA 90802"
Big Jones,"5341 N Clark St, Chicago, IL 60640"
Big kids,"2545 N Kedzie Blvd, Chicago, IL 60647"
Big Star,"1539 N Wicker Park Ave, Chicago, IL 60622"
Big Wig Tacos,"776 N La Salle St, Chicago, IL 60610"
Bigbop + Ramen,"2433 N Clark St, Chicago, IL 60614"
Billy Sunday,"3137 W Logan Blvd, Chicago, IL 60647"
Bingo Tea,"2148 S Archer Ave, Chicago, IL 60616"
Bingo Tea Malaysian Cafe,"1128 W Argyle St, Chicago, IL 60640"
Birdies,"314 W Olympic Blvd, Los Angeles, CA 90015"
Bistronomic,"23 E Chestnut St, Chicago, IL 60611"
Bit & Spur Restaurant & Saloon,"1212 Zion – Mount Carmel Hwy, Springdale, UT 84767"
BITES Asian Kitchen + Bar,"3317 N Clark St, Chicago, IL 60657"
BiXi Beer,"2513 N Milwaukee Ave, Chicago, IL 60647"
BKLA,"809 Flower St, Los Angeles, CA 90017"
Black Dog Gelato,"1020 W Lake St, Chicago, IL 60607"
Black Hoof,"928 Dundas St W, Toronto, ON M6J 1W3, C"
Black Iron Tavern,"406 N Des Plaines St, Chicago, IL 60654"
Black's Barbecue Austin,"Half Street, 606 W 31st St, Austin, TX 78705"
Blackwood BBQ,"960 W Belmont Ave, Chicago, IL 60657"
Blockheads Shavery,"11311 Mississippi Ave, Los Angeles, CA 90025"
Blue Bottle Coffee - Mint Plaza,"878 Market St, San Francisco, CA 94102"
Blue Cow Kitchen & Bar,"70 S Grand Ave, Los Angeles, CA 90071"
Blue Door Kitchen & Garden,"1150 N Dearborn Pkwy, Chicago, IL 60610"
Blue Fin Sushi Bar,"1954 IL-64, Chicago, IL 60622"
Blue Food Company,"2931 W School St, Chicago, IL 60618"
Blue Harbor Coffee,"449 Lafayette Rd, Hampton, NH 03842"
Blue Owl Brewing,"128 Pedernales St, Austin, TX 78702"
Bluestone Lane,"45 4th Ave, New York, NY 10003"
Boba 7,"509 W 6th St, Los Angeles, CA 90014"
Boba Loca,"148 N San Fernando Blvd, Burbank, CA 91502"
Boba Story,"3818 W 7th St, Los Angeles, CA 90005"
Bobtail Ice Cream Company,"2949 N Broadway, Chicago, IL 60657"
Boda,"100 Stroudwater Rd, Portland, ME 04102"
Bolivar & Lincoln Venezuelan Cafe,"3358 N Sheffield Ave, Chicago, IL 60657"
Bombo,"325 S Broadway, Los Angeles, CA 90013"
Bonus Round Game Cafe,"3232 N Clark St, Chicago, IL 60657"
Boomtown Brewery,"713 E Temple St, Los Angeles, CA 90012"
bopNgrill Belmont,"920 W Belmont Ave, Chicago, IL 60657"
Boqueria - Chicago,"807 W Fulton Market, Chicago, IL 60607"
Bossa Nova on Sunset,"1514 N Formosa Ave, Los Angeles, CA 90046"
Boston Chowda,"6 Faneuil Hall Marketplace, Boston, MA 02109"
Bottega Louie,"733 S Grand Ave, Los Angeles, CA 90017"
Bottlefork,"111 W Illinois St, Chicago, IL 60654"
Bouchon Bakery,"49 Rockefeller Center, New York, NY 10020"
Bow Truss Coffee Roasters,"2932 N Broadway, Chicago, IL 60657"
Bozii,"313 W Lake St, Chicago, IL 60606"
Brack Shop Tavern,"530 7th St, Los Angeles, CA 90014"
Brando's Speakeasy,"337 S Dearborn St, Chicago, IL 60604"
Brandy's Gyros,"140 E Golf Rd, Schaumburg, IL 60173"
Bread House Bakery,"11976 US-42, Sharonville, OH 45241"
Bread Zeppelin Salads Elevated,"8600 N Belt Line Rd, Coppell, TX 75019"
Brew Cha,"50 Clarion Alley, San Francisco, CA 94110"
Brigade Pizzeria Napolitaine,"1440 Rue Stanley, Montréal, QC H3A 1P7, C"
Broken Shaker at Freehand Chicago,"17 E Ohio St, Chicago, IL 60611"
Broken Shaker at Freehand Los Angeles,"750 S Olive St, Los Angeles, CA 90014"
Broken Spanish,"1051 Flower St, Los Angeles, CA 90015"
Bronzed Aussie,"714a S Los Angeles St, Los Angeles, CA 90014"
Brook,"Dromore, 3 Burrow Rd, Portrane, Co. Dublin, K36 X623, Ir"
Brooklyn Crab,"26 Reed St, Brooklyn, NY 11231"
Brooklyn Kolache,"513 DeKalb Ave, Brooklyn, NY 11205"
Brouepub - Dieu du Ciel!,"25 Av. Laurier O, Montréal, QC H2T 2N2, C"
Brown Bag Seafood,"340 E Randolph St, Chicago, IL 60601"
Bru Chicago,"1562 N Milwaukee Ave, Chicago, IL 60622"
Bub City,"427 N Clark St, Chicago, IL 60654"
Buckshot,"422 1/2, 422 1/2 E 6th St, Austin, TX 78701"
Buddha Belly,"718 S Spring St, Los Angeles, CA 90014"
Budweiser Brewery Experience,"1127 Pestalozzi St, St. Louis, MO 63118"
Buffalo Wild Wings,"12451 Cedar Rd, Cleveland Heights, OH 44106"
Bugsy's Back Alley Speakeasy,"216 N Water St, Milwaukee, WI 53202"
Bumsan Organic Milk Bar,"542 S Western Ave, Los Angeles, CA 90020"
Bungalow by Middle Brow,"2838 W Armitage Ave, Chicago, IL 60647"
Bunker Hill Bar & Grill,"639 W 5th St, Los Angeles, CA 90071"
Buona Terra,"2548 N California Ave, Chicago, IL 60647"
Burger King,"2721 N Western Ave, Chicago, IL 60647"
Busboys and Poets - 14th and V,"2101 14th St NW, Washington, DC 20009"
Busker Brownes Bar & Kirbys Restaurant,"9 Cross Street Upper, Galway, Co. Galway, H91 XY39, Ir"
Butterfly Belly Asian Cuisine,"398 NW Park Ave, Portland, OR 97209"
Buzzard Beach,"4110 Pennsylvania Ave, Kansas City, MO 64111"
Ca Phe Da Vietnamese Cafe,"1104 W 18th St, Chicago, IL 60608"
Cabbage Patch,"518 W 6th St, Los Angeles, CA 90014"
Cabra,"832 W Lake St, Chicago, IL 60607"
Café Saint-Henri,"260 Pl. du Marché-du-Nord, Montréal, QC H2S 1A1, C"
Cafe Argento,"1633 12th Ave, Seattle, WA 98122"
Cafe Ba-Ba-Reeba!,"2005 N Halsted St, Chicago, IL 60614"
Cafe Borrone,"556 Ravenswood Ave, Menlo Park, CA 94025"
Cafe Du Monde,"800 Decatur St, New Orleans, LA 70116"
Cafe Dulce,"343 E 2nd St, Los Angeles, CA 90012"
Cafe LAppetito Lakeview,"3349 N Broadway, Chicago, IL 60657"
Cafe Madison,"232 W Lawrence St, Albany, NY 12208"
Cafe Mustache,"2309 N Milwaukee Ave, Chicago, IL 60647"
Cafe on Oak,"100 E Lake Shore Dr, Chicago, IL 60611"
Cafe Pinot,"708 W 5th St, Los Angeles, CA 90071"
Cafe Réveille,"610 Long Bridge Street, San Francisco, CA 94158"
Cafe Robey,"1608 N Milwaukee Ave, Chicago, IL 60647"
Cafe Valencia San Francisco,"1264 Valencia St, San Francisco, CA 94110"
Cafe ZoZo,"4818 N Oakley Ave, Chicago, IL 60625"
Cafecito Organico Silver Lake,"3318 Bellevue Ave, Los Angeles, CA 90026"
Caffe Primo,"518 W 7th St, Los Angeles, CA 90014"
Capilano Coffee Company,"3735 Capilano Rd, North Vancouver, BC V7R 4J1, C"
Carnitas Michoacan,"154 S Ave 19, Los Angeles, CA 90031"
Carnivale,"306 N Halsted St, Chicago, IL 60661"
Carroll's Wine And Spirits,"4 Mainguard St, Galway, Co. Galway, H91 K099, Ir"
Casa Nostra Ristorante & Bar,"825 James M Wood Blvd, Los Angeles, CA 90015"
Casey's Irish Pub,"531 W 6th St, Los Angeles, CA 90014"
Caspian Kabab Fine Persian Cuisine,"1443 N Ashland Ave, Chicago, IL 60622"
Cassava Cafe,"1211 N La Salle St, Chicago, IL 60610"
Castello di Amorosa,"8440 St Helena Hwy, Napa, CA 94558"
CBS Seafood Restaurant,"712 N Spring St, Los Angeles, CA 90012"
Cebu,"2215 IL-64, Chicago, IL 60647"
Celeste,"107 W Hubbard St, Chicago, IL 60654"
Celine's Fish and Chips,"1689 Johnston St, Vancouver, BC V6H 3R9, C"
Centennial Crafted Beer & Eatery,"128 W Superior St, Chicago, IL 60654"
Ceres Cafe,"151 W Jackson Blvd, Chicago, IL 60604"
Ceres' Table,"3120 N Broadway, Chicago, IL 60657"
CH Distillery,"565 W Randolph St, Chicago, IL 60661"
Char Bar,"4023 Pennsylvania Ave, Kansas City, MO 64111"
Charisma Cafe & Dessert House,"197 Keefer Pl, Vancouver, BC V6B 6C1, C"
Chatterbox,"353 S Broadway, Los Angeles, CA 90013"
Chaya Downtown,"555 Flower St, Los Angeles, CA 90012"
Cheba Hut Toasted Subs,"1948 W Division St, Chicago, IL 60622"
Checkers Downtown,"553 S Grand Ave, Los Angeles, CA 90071"
Cheers Shot Bar,"422 1/2, 422 1/2 E 6th St, Austin, TX 78701"
Cheesie's Pub & Grub - Lakeview,"960 W Belmont Ave, Chicago, IL 60657"
Chef Ping,"515 Jarvis Ave, Des Plaines, IL 60018"
Chengdu Impression,"2543 N Halsted St, Chicago, IL 60614"
Chengdu Impression - Wicker Park,"1289 N Milwaukee Ave, Chicago, IL 60622"
Chi Cafe,"2162 S Archer Ave, Chicago, IL 60616"
Chicago Diplomat Cafe,"3128n N Lincoln Ave, Chicago, IL 60657"
Chicago Distilling Company,"2833 W Medill Ave, Chicago, IL 60647"
Chick-fil-A,"345 W Ohio St, Chicago, IL 60654"
Chills 360,"2700 Elm St, Dallas, TX 75226"
Chinchikurin - Sawtelle,"2119 Sawtelle Blvd, Los Angeles, CA 90025"
Chinese Imperial Inn,"11034 Reading Rd, Cincinnati, OH 45241"
Chipotle Mexican Grill,"103 N Eddy St, South Bend, IN 46617"
Chiu Quon Bakery & Dim Sum,"2244 S Wentworth Ave, Chicago, IL 60616"
Chiya Chai Cafe,"2757 W Fullerton Ave, Chicago, IL 60647"
Cho Sun Ok Restaurant,"4200 N Lincoln Ave, Chicago, IL 60618"
Cho77,"40 Broadway, Denver, CO 80209"
Chocolats Favoris,"116 Sainte-Catherine O, Montréal, QC H5B 1B2, C"
Choong Man Chicken,"9854 N Milwaukee Ave, Des Plaines, IL 60016"
Chop Shop,"2040 IL-64, Chicago, IL 60647"
Cidercade Dallas,"2777 Irving Blvd Service Rd, Dallas, TX 75207"
Cindy's Rooftop,"18 Chicago Pedway System, Chicago, IL 60604"
Circle Sushi & Grill,"1623n N Halsted St, Chicago, IL 60614"
City Tap House,"59 Stillings St, Boston, MA 02210"
Clark St. Beach Bar,"3425 N Clark St, Chicago, IL 60657"
Clavel,"221 W 23rd St, West, MD 21211"
Cleo's Bar & Grill,"920 N Western Ave, Chicago, IL 60622"
Clever Rabbit,"2017 W Division St, Chicago, IL 60622"
Clinton Street Baking Company,"297 E Houston St, New York, NY 10002"
Cluny Bistro & Boulangerie,"39 Tank House Lane, Toronto, ON M5A 3C4, C"
Coach House,"7007 E Indian School Rd, Scottsdale, AZ 85251"
Cocktail Bar,"923 Dundas St W, Toronto, ON M6J 1W3, C"
Cocoro Japanese,"668 N Wells St, Chicago, IL 60654"
Coffee Kkot,"3451 W 6th St, Los Angeles, CA 90020"
Coffee On Grand,"530 S Grand Ave, Los Angeles, CA 90071"
Colectivo,"506 W Deming Pl, Chicago, IL 60614"
Colectivo Coffee,"2261 N Milwaukee Ave, Chicago, IL 60647"
Colectivo Coffee Roasters,"1952 W Division St, Chicago, IL 60622"
Collective Pour,"328 N Neil St, Champaign, IL 61820"
Community Tavern,"4042 N Milwaukee Ave, Chicago, IL 60641"
Concerto,"608 S Serrano Ave, Los Angeles, CA 90005"
Condado Tacos,"102 N High St, Dublin, OH 43017"
Congress Squared Restaurant,"155 York St, Portland, ME 04101"
Convivium Urban Farmstead,"2815 Jackson St, Dubuque, IA 52001"
Copper Fox Gastropub,"158 E Ontario St, Chicago, IL 60611"
Corner Bakery CAFE,"300 S Grand Ave, Los Angeles, CA 90013"
Corridor Brewery & Provisions,"3444 N Southport Ave, Chicago, IL 60657"
Cortland's Southern Kitchen,"1950 KY-922, Lexington, KY 40511"
Cozy Corner Restaurant & Pancake House,"2293 N Milwaukee Ave, Chicago, IL 60647"
CRĪO Bar and Restaurant,"2502 N Clybourn Ave, Chicago, IL 60614"
Craftsman and Wolves,"748 Valencia St, San Francisco, CA 94110"
Crepe X-press Cafe,"653 W 5th St, Los Angeles, CA 90071"
Creperie Le Terrace,"1102 Western Ave, chicago, IL 60612"
Crisp,"2938 N Broadway, Chicago, IL 60657"
Crows Coffee South Plaza,"300 E 51st St, Kansas City, MO 64112"
Crumbl Cookies - Wicker Park,"1516 N Milwaukee Ave, Chicago, IL 60622"
Cultivar Coffee Bar & Roaster,"313 Jefferson Blvd, Dallas, TX 75208"
Culver's,"14001 WI-20, Sturtevant, WI 53177"
Cumin,"1406 N Milwaukee Ave, Chicago, IL 60622"
Cupitol Coffee & Eatery,"455 E Illinois St, Chicago, IL 60611"
Curry House,"135 Astronaut Ellison S Onizuka St, Los Angeles, CA 90012"
Cyclone Anaya's Mexican Kitchen,"5761 Woodway Dr, Houston, TX 77057"
Cypress Street Pint & Plate,"58 6th St NE, Atlanta, GA 30308"
Czech Stop,"104 S George Kacir Dr, West, TX 76691"
D Light Cafe & Bakery,"2473 18th St NW, Washington, DC 20009"
D4 Irish Pub & Cafe,"345e E Ohio St, Chicago, IL 60611"
Da Jeong Korean Cuisine,"3905 W Olympic Blvd, Los Angeles, CA 90019"
Da Rae Jung,"5222 N Lincoln Ave, Chicago, IL 60625"
Daebak Korean BBQ,"2101a S China Pl, Chicago, IL 60616"
Daeho Kalbijjim & Beef Soup,"1628 Post St, San Francisco, CA 94115"
Daikokuya Sawtelle,"2206 Sawtelle Blvd, Los Angeles, CA 90064"
Daisies,"2528 N Milwaukee Ave, Chicago, IL 60647"
Dak,"1044 W Granville Ave, Chicago, IL 60660"
Dancen,"5118 N Lincoln Ave, Chicago, IL 60625"
Dandelion Chocolate,"756a Valencia St, San Francisco, CA 94110"
Darbar,"845 Rue Sherbrooke O, Montréal, QC H3A 2T5, C"
Davenport's,"1389 N Wolcott Ave, Chicago, IL 60622"
Dave's Hot Chicken,"5113 Hollywood Blvd, Los Angeles, CA 90027"
DAVIDsTEA,"3540 N Southport Ave, Chicago, IL 60657"
D'Candela Restaurant,"3447 Irving Park Rd, Chicago, IL 60618"
Deadbolt Bar,"2414 N Milwaukee Ave, Chicago, IL 60647"
Declan's Irish Pub,"1230 W Scott St, Chicago, IL 60610"
Deep Ellum Brewing Company Taproom,"2825 St Louis St, Dallas, TX 75226"
Del Seoul,"601 W Wrightwood Ave, Chicago, IL 60614"
Delmonico,"276 N Wells St, Chicago, IL 60606"
Denver Biscuit Company,"141 S Broadway, Denver, CO 80209"
Deschutes Brewery Portland Public House,"270 NW 11th Ave, Portland, OR 97209"
Devil Dawgs,"1433 N Milwaukee Ave, Chicago, IL 60622"
Dewey's Pizza,"7659 Cox Ln, West Chester Township, OH 45069"
Dim Sum Palace,"586 9th Ave, New York, NY 10036"
Dim Sum Sam,"22 E 23rd St, New York, NY 10010"
Dimo's Pizza,"3463 N Clark St, Chicago, IL 60657"
Din Tai Fung,"778 Caruso Ave, Glendale, CA 91210"
Dirt Dog,"2526 S Figueroa St, Los Angeles, CA 90007"
District,"511 W 7th St, Los Angeles, CA 90014"
District One Kitchen and Bar,"3398 S Jones Blvd, Las Vegas, NV 89146"
Diva Thai & Sushi Bar,"601 W Addison St, Chicago, IL 60613"
DMK Burger Bar,"1007 W Wellington Ave, Chicago, IL 60657"
Doc B's Restaurant + Bar,"2207 N Harwood St, Dallas, TX 75201"
Document Coffee Bar,"108 S St Andrews Pl, Los Angeles, CA 90010"
Dolo Restaurant and Bar,"2214 S Archer Ave, Chicago, IL 60616"
Dorian's,"1939 W North Ave, Chicago, IL 60622"
Do-Rite Donuts & Chicken,"221 E Erie St, Chicago, IL 60611"
Dos Toros Taqueria,"222 N Wells St, Chicago, IL 60606"
Double Clutch Brewing,"2123 Ashland Ave, Evanston, IL 60201"
Double Happiness,"1057 W Argyle St, Chicago, IL 60640"
Doughnut Lounge,"4113 Pennsylvania Ave, Kansas City, MO 64111"
Dreamery BK,"295 Greene Ave, Brooklyn, NY 11238"
DryHop Brewers,"3158 N Broadway, Chicago, IL 60657"
DS Tequila,"3350 N Halsted St, Chicago, IL 60657"
Dublin's Irish Whiskey Pub,"815 W 7th St, Los Angeles, CA 90017"
"Dude, Sweet Chocolate","316 N Bishop Ave, Dallas, TX 75208"
Dumpling Cafe,"695 Washington St, Boston, MA 02111"
Dumpling Time,"50 De Haro St, San Francisco, CA 94103"
Durkin's,"810 W Diversey Pkwy, Chicago, IL 60614"
Dynamo Donut & Coffee,"2754 24th St, San Francisco, CA 94110"
E&O Kitchen and Bar,"330 Sutter St, San Francisco, CA 94108"
Earl's Beer & Cheese,"1255 Park Ave, New York, NY 10029"
Earthbar,"440 S Olive St, Los Angeles, CA 90013"
Earth's Kitchen,"3709/3 N Halsted St, Chicago, IL 60613"
East Thirty-Six,"38 Wellington St E, Toronto, ON M5E 1C7, C"
Easy Tiger,"703 E 6th St, Austin, TX 78701"
Egg Harbor Cafe,"1020 N Meacham Rd, Schaumburg, IL 60173"
Eggslut,"3700 Las Vegas Blvd S, Las Vegas, NV 89109"
Eggy's Diner Chicago,"215 N Columbus Dr, Chicago, IL 60601"
EightyTwo,"707 E 4th Pl, Los Angeles, CA 90013"
Eko Eats,"308 W 6th St, Los Angeles, CA 90014"
El Barracuda,"Blvrd Nayarit 1, 63735 Nuevo Vallarta, Nay., M"
El Cid Restaurant,"4210 Sunset Blvd, Los Angeles, CA 90029"
El Cuñado,"Uruguay 119, 5 de Diciembre, 48350 Puerto Vallarta, Jal., M"
El Farolito,"2777 Mission St, San Francisco, CA 94110"
El Jardin,"3323 N Clark St, Chicago, IL 60657"
El Mariachi Tequila Bar & Grill,"3906 North Broadway, Chicago, IL 60613"
El Real Tex-Mex Cafe,"1077 Westheimer Rd, Houston, TX 77006"
El Techo,"2506 Mission St, San Francisco, CA 94110"
Elephant & Castle,"111w W Adams St, Chicago, IL 60603"
Eli's Ark,"1845 W North Ave, Chicago, IL 60622"
Emerald Loop,"223 E Haddock Pl, Chicago, IL 60601"
E-Mo,"2W W 32nd St, New York, NY 10001"
Emporium Pies,"316 N Bishop Ave, Dallas, TX 75208"
Emporium Popups,"2382 N Milwaukee Ave, Chicago, IL 60647"
Emporium Wicker Park,"1433 N Milwaukee Ave, Chicago, IL 60622"
Enso Sushi & Bar,"1564 N Milwaukee Ave, Chicago, IL 60622"
EP & LP,"603 La Cienega Blvd, West Hollywood, CA 90069"
Epic Burger,"407 N Clark St, Chicago, IL 60654"
Erewhon,"585 S Venice Blvd, Venice, CA 90291"
Esaan - A Taste Of Thai,"618 W 5th St, Los Angeles, CA 90071"
Esco Bar,"161 N Halsted St, Chicago, IL 60661"
Escobar Aspen,"330 E Main St, Aspen, CO 81611"
Esencia Urban Kitchen,"3401 N Broadway, Chicago, IL 60657"
Espumoso Caffe,"403 N Bishop Ave, Dallas, TX 75208"
Ess-a-Bagel,"200 E 51st St, New York, NY 10022"
Estereo,"2385 N Milwaukee Ave, Chicago, IL 60647"
Esthetic Haus,"1512 N Western Ave, Chicago, IL 60622"
etta - Bucktown,"1844 IL-64, Chicago, IL 60622"
etta - River North,"700 N Clark St, Chicago, IL 60654"
Evanston Pub,"1601 Sherman Ave, Evanston, IL 60201"
Everson Royce Bar,"1936 E 7th St, Los Angeles, CA 90021"
EZ Inn,"920 N Western Ave, Chicago, IL 60622"
Fairmount Bagel,"5183 Rue Saint-Urbain, Montréal, QC H2T 2W6, C"
Fang,"657 Howard St, San Francisco, CA 94105"
FARE,"470 N Wells St, Chicago, IL 60654"
Fat Baby Tacos,"107 W Hubbard St, Chicago, IL 60654"
Fat Matt's Rib Shack,"1811 Piedmont Rd NE, Atlanta, GA 30324"
Fat Rice,"2949 W Diversey Ave, Chicago, IL 60647"
Father's Office,"3210 Helms Ave, Los Angeles, CA 90034"
Federales,"832 W Washington Blvd, Chicago, IL 60607"
Feed,"2803 W Chicago Ave, Chicago, IL 60622"
FeelLove Coffee Zion,"358 Zion Park Blvd, Springdale, UT 84767"
Fiesta Cantina,"686 N Robertson Blvd, West Hollywood, CA 90069"
Fifolet,"1948 W Division St, Chicago, IL 60622"
Fig. 19,"29 Delancey St, New York, NY 10002"
Finnegan's,"1-2 Market St, Galway, H91 E8N5, Ir"
Firecakes Donuts,"2455 N Clark St, Chicago, IL 60614"
Firehouse Lounge,"605 Brazos St, Austin, TX 78701"
Fireside Cafe,"6767 Lakota Ln, Liberty Township, OH 45044"
First Draft,"647 S Clark St, Chicago, IL 60605"
First Watch,"6872 Cincinnati Dayton Rd, Liberty Township, OH 45044"
Five0Four Hollywood,"6549 Hollywood Blvd, Los Angeles, CA 90028"
Flagship Tavern and Grill,"1618 W Belmont Ave, Chicago, IL 60657"
Floppy Disk Repair,"119 E 5th St., Austin, TX 78701"
Flying Iguana Taqueria and Tequila Bar,"207 Atlantic Blvd, Atlantic Beach, FL 32233"
Flying Saucer,"2759 W Haddon Ave, Chicago, IL 60622"
Four Belly,"3227 N Clark St, Chicago, IL 60657"
Fremont,"17 W Illinois St, Chicago, IL 60654"
Fried Green Tomatoes,"217 N Main St, Galena, IL 61036"
Friend BBQ,"2354 S Wentworth Ave, Chicago, IL 60616"
Front Street Cantina,"19-21 W Jefferson Ave, Naperville, IL 60540"
Frothy Monkey,"2509 12th Ave S, Nashville, TN 37204"
Fruit Paradise,"2409 N Kedzie Blvd, Chicago, IL 60647"
Fujiyama-Ya Japanese Restaurant,"1672 CA-1, San Francisco, CA 94122"
Fundamental DTLA,"736 S Grand Ave, Los Angeles, CA 90017"
Furama Restaurant,"821 W Newport Ave, Chicago, IL 60657"
Furious Spoon - Logan Square,"2410 N Milwaukee Ave, Chicago, IL 60647"
Furious Spoon - Wicker Park,"1573 N Milwaukee Ave, Chicago, IL 60622"
G & O,"451 N Ogden Ave, Chicago, IL 60642"
Gaam Restaurant and Lounge,"3451 W 6th St, Los Angeles, CA 90020"
Gaijin,"948 W Lake St, Chicago, IL 60607"
Galena Cellars Vineyard & Winery,"105 N Main St, Galena, IL 61036"
Galway Hooker,"47 W 10th St, New York, NY 10011"
Gam Ja Gol,"3007 W Olympic Blvd, Los Angeles, CA 90006"
Game Haus Cafe,"108 San Fernando Rd, Glendale, CA 91204"
Game Room,"12 Michigan Ave, Chicago, IL 60603"
Gaonnuri,"81-12 Queens Midtown Expy, Queens, NY 11373"
Garaje,"99 Stillman St, San Francisco, CA 94107"
Garden Creamery,"748 Valencia St, San Francisco, CA 94110"
Garrett Popcorn Shops,"151 Michigan Ave, Chicago, IL 60601"
Gary Lee's Motor Club & Grub,"174 S Broadway, Denver, CO 80209"
Gaslight Bar & Grille,"509 W Arlington Pl, Chicago, IL 60614"
Gaslight Coffee Roasters,"2385 N Milwaukee Ave, Chicago, IL 60647"
Gates Bar-B-Q,"4718 Virginia Ave, Kansas City, MO 64110"
Genna's Lounge,"24 S Carroll St, Madison, WI 53703"
Genwa Korean BBQ Mid Wilshire,"5113 Wilshire Blvd, Los Angeles, CA 90036"
Gill's Indian Restaurant,"835 S Olive St, Los Angeles, CA 90014"
Gilt Bar,"230 W Kinzie St, Chicago, IL 60654"
Gino's East - River North,"506 N La Salle St, Chicago, IL 60654"
Girl & The Goat,"809 W Randolph St, Chicago, IL 60607"
Gjusta,"322 Sunset Ave, Venice, CA 90291"
Glaze Teriyaki,"3112 N Broadway, Chicago, IL 60657"
Go 4 Food,"216 W 23rd St, Chicago, IL 60616"
Go Greek Yogurt,"9604 S Santa Monica Blvd, Beverly Hills, CA 90210"
Goddess and Grocer,"5313 N Clark St, Chicago, IL 60640"
Goddess And The Baker,"225 N La Salle St, Chicago, IL 60601"
Gogi,"6209 N Mozart St, Chicago, IL 60659"
Golden Bull Restaurant,"252 W Cermak Rd, Chicago, IL 60616"
Golden Corral Buffet & Grill,"9500 Lakewood Blvd, Downey, CA 90240"
Good City Brewing - Downtown,"365 W Juneau Ave, Milwaukee, WI 53203"
Good Measure,"228 W Chicago Ave, Chicago, IL 60654"
Gordo's Tiny Taco Bar,"25 N Park Dr, Chicago, IL 60601"
Goshen Cuisine,"212 W 7th St, Los Angeles, CA 90014"
Gotham Bagels,"103 N Hamilton St, Madison, WI 53703"
Gozo,"32 S Broadway, Denver, CO 80209"
Grace Street,"26 W 32nd St, New York, NY 10001"
Graeter's,"11497 Princeton Pike, Cincinnati, OH 45246"
Graeter's Ice Cream,"948 Green Bay Rd, Winnetka, IL 60093"
Grand Central Market,"328 S Hill St, Los Angeles, CA 90013"
Grandee Cuisine,"221 E Grand Ave, Chicago, IL 60611"
Granville Island Brewing,"1496 Cartwright St, Vancouver, BC V6H 3Y5, C"
Grapes & Grains,"201 N Peoria St, Chicago, IL 60607"
Great Tang Chinese Restaurant,"7340 Kingsgate Way, West Chester Township, OH 45069"
Great Taste Bakery & Restaurant,"85-89 Beach St, Boston, MA 02111"
Greek Islands Restaurant,"200 S Halsted St, Chicago, IL 60661"
Green Eye Lounge,"1920 N Western Ave, Chicago, IL 60647"
Green Light Korean Pub & Karaoke,"2519 US-14, Chicago, IL 60659"
Green Papaya,"3706 Drakewood Dr, Cincinnati, OH 45209"
Green Street Smoked Meats,"1003 W Lake St, Chicago, IL 60607"
Gretel,"2835 W Armitage Ave, Chicago, IL 60647"
Ground Control,"3313 W Armitage Ave, Chicago, IL 60647"
Ground Up,"900 W Van Buren St, Chicago, IL 60607"
Grumpy's Restaurant,"200 Florida A1A, Neptune Beach, FL 32266"
Gus's World Famous Fried Chicken,"4159 W Pico Blvd, Los Angeles, CA 90019"
Guthries Tavern,"3600 N Lakewood Ave, Chicago, IL 60613"
Guu with Otokomae,"680-375 Water St, Vancouver, BC V6B 5C6, C"
Gyu-Kaku Japanese BBQ,"177 N Ada St, Chicago, IL 60607"
Hai Yen,"1055 W Argyle St, Chicago, IL 60640"
Haidilao Hot Pot Chicago,"107 E Cermak Rd, Chicago, IL 60616"
Haidilao Hot Pot Flushing,"13823 39th Ave, Flushing, NY 11354"
Hakata Ikkousha Ramen,"191 S Central Ave, Los Angeles, CA 90012"
Half Shells,"6627 Snider Plaza, Dallas, TX 75205"
HalfSmoke,"649 Florida Ave NW, Washington, DC 20001"
Han Bat Restaurant,"2729 W Lawrence Ave, Chicago, IL 60625"
Han Bat Sul Lung Tang,"4165 W 5th St, Los Angeles, CA 90020"
Han Chinese Kabob & Grill,"3724 Payne Ave, Cleveland, OH 44114"
Han Oak,"529 NE 24th Ave, Portland, OR 97232"
Hana Makgeolli,"201 Dupont St, Brooklyn, NY 11222"
Handlebar,"2315 W North Ave, Chicago, IL 60647"
Hangari Kalguksu,"634 S Alexandria Ave, Los Angeles, CA 90010"
Hanshin Pocha,"1918 S Arlington Heights Rd, Arlington Heights, IL 60005"
Happiest Hour,"2628 N Field St, Dallas, TX 75201"
Happy Camper,"1211 N Wells St, Chicago, IL 60610"
Happy Lamb Hot Pot,"2344 S Wentworth Ave, Chicago, IL 60616"
Harajuku Izakaya,"201-4000 Whistler Way, Whistler, BC V0N 1B4, C"
Harlowe MXM,"2815a Main St, Dallas, TX 75226"
Harpers Ferry Brewing,"37412 Adventure Center Ln, Purcellville, VA 20132"
Harpoon Brewery,"306R Northern Ave, Boston, MA 02210"
Harvest,"879 Park Ave, Park City, UT 84060"
Hash,"1355 N Western Ave, Chicago, IL 60622"
Hattie B's Hot Chicken - Nashville Melrose,"1550 Franklin Pike, Belfast, TN 37019"
Havana Grill,"412 N Clark St, Chicago, IL 60654"
Havana Social - Hell's Kitchen,"686 10th Ave, New York, NY 10019"
Heart Roasters,"2205 E Burnside St, Portland, OR 97214"
Hello Jasmine - Lincoln Park,"1011 W Webster Ave, Chicago, IL 60614"
HELM Microbrasserie,"5900 Rue Hutchison, Outremont, QC H2V 4C1, C"
Henry's,"10 W Hubbard St, Chicago, IL 60654"
Hero Coffee Bar,"1920 N Western Ave, Chicago, IL 60647"
Hero Shop,"128 E 6th St, Los Angeles, CA 90014"
HEXX kitchen + Bar,"3600 S Las Vegas Blvd, Las Vegas, NV 89109"
Hide,"2819 Elm St, Dallas, TX 75226"
High Cafe,"1 High St, Galway, Co. Galway, H91 K5N5, Ir"
High Five Ramen,"114 N Green St, Chicago, IL 60607"
High Noon Saloon,"1562 N Milwaukee Ave, Chicago, IL 60622"
HighLine,"347 N Wells St, Chicago, IL 60654"
Hing Kee Restaurant,"2140 S Archer Ave, Chicago, IL 60616"
Hoke Poke,"2921 Flower St, Los Angeles, CA 90007"
Home Bistro,"3402 N Halsted St, Chicago, IL 60657"
Hon Kee BBQ & Seafood,"1058 W Argyle St, Chicago, IL 60640"
Honey Butter Fried Chicken,"3361 W Roscoe St, Chicago, IL 60618"
Honeycut,"833s Flower St, Los Angeles, CA 90017"
Honeymee - Gardena,"1725 W Redondo Beach Blvd, Gardena, CA 90247"
Honeymee Japanese Village,"100 N Los Angeles St, Los Angeles, CA 90012"
Honeymee Wilshire,"668 S Alexandria Ave, Los Angeles, CA 90010"
Hooch Craft Cocktail Bar,"317 E Hopkins Ave, Aspen, CO 81611"
HopCat,"2579 N Clark St, Chicago, IL 60614"
Hopdoddy Burger Bar,"3231 McKinney Ave, Dallas, TX 75204"
Hopscotch,"607 S Pine St, Champaign, IL 61820"
Hopsmith Tavern,"15 W Division St, Chicago, IL 60610"
Hoptinger Bier Garden & Sausage House,"333a 1st St N, Jacksonville Beach, FL 32250"
Horse and Barrel,"637 Walnut St, Cincinnati, OH 45202"
House of Blues - Music Venue,"290 N State St, Chicago, IL 60601"
Howells & Hood,"140 E North Water St, Chicago, IL 60611"
Howl at the Moon Chicago,"2459 N Milwaukee Ave, Chicago, IL 60647"
Howlin' Ray's,"3690 Empire Ave, Burbank, CA 91505"
HRD,"520 3rd St, San Francisco, CA 94107"
Hub 51,"51 W Hubbard St, Chicago, IL 60654"
Ice Age,"62 Beach St, Boston, MA 02111"
Icenhauer's,"85 1/2, 85 1/2 Rainey St, Austin, TX 78701"
IdleRye,"2822 Elm St, Dallas, TX 75226"
Ihwamun Ice Cream,"600 E 3rd St, Los Angeles, CA 90013"
Imo's Pizza,"6019 Clayton Ave, St. Louis, MO 63139"
Imoto,"2400 Victory Park Ln, Dallas, TX 75219"
Imperial Restaurant,"2022 S Wentworth Ave, Chicago, IL 60616"
Improv Asylum,"129 Salem St, Boston, MA 02113"
Ina Mae Tavern & Packaged Goods,"1393a N Wood St, Chicago, IL 60622"
Industry 1332,"1242 Bushwick Ave, Brooklyn, NY 11221"
Innertown Pub,"1051 N Winchester Ave, Chicago, IL 60622"
Innjoy Logan Square,"2174 N Milwaukee Ave, Chicago, IL 60647"
In-N-Out Burger,"798 Redwood Highway Frontage Rd, Mill Valley, CA 94941"
Intelligentsia Coffee,"3123 N Broadway, Chicago, IL 60657"
Ipsento,"2047 N Western Ave, Chicago, IL 60647"
Irazú Costa Rican Restaurant & Catering,"2757 W Fullerton Ave, Chicago, IL 60647"
Iron Age Korean Steakhouse,"1259a N Milwaukee Ave, Chicago, IL 60622"
Iron Cactus Mexican Restaurant and Margarita Bar,"600 Trinity St, Austin, TX 78701"
It's Boba Time,"611 S Western Ave, Los Angeles, CA 90005"
It's Boba Time - 6th St.,"3451 W 6th St, Los Angeles, CA 90020"
Izumi Ontario Spring Water Sake Company,"51 Gristmill Lane, Toronto, ON M5A 3C4, C"
Jack and Ginger's,"2044 W Armitage Ave, Chicago, IL 60647"
Jade Bistro Teahouse & Patisserie,"7918 SE 13th Ave, Portland, OR 97202"
Jake Melnick's Corner Tap,"41 E Superior St, Chicago, IL 60611"
Jake's,"1674 Coast Blvd, Del Mar, CA 92014"
Jaleo by Jose Andres,"100 W Illinois St, Chicago, IL 60654"
Jamba Juice,"922 W Belmont Ave, Chicago, IL 60657"
Jane Restaurant,"96 W Houston St, New York, NY 10012"
Jarosch Bakery,"35 Park and Shop, Elk Grove Village, IL 60007"
Java Supreme,"715 Guerrero St, San Francisco, CA 94110"
J-Bar at Hotel Jerome,"330 E Main St, Aspen, CO 81611"
Jefferson Tap & Grille,"321 N Jefferson St, Chicago, IL 60661"
Jeni's Splendid Ice Creams,"3659 N Clark St, Chicago, IL 60613"
Jennivee's Bakery,"928 W School St, Chicago, IL 60657"
Jimmy Beans Coffee Club,"2550 W Fullerton Ave, Chicago, IL 60647"
Jimmy's Pizza Café,"2479 US Hwy 41, Chicago, IL 60625"
JINYA Ramen Bar,"557 W Diversey Pkwy, Chicago, IL 60614"
Jiouding Hot Pot,"712 N Spring St, Los Angeles, CA 90012"
Jitlada,"5225 Sunset Blvd, Los Angeles, CA 90027"
JJUKKU JJUKKU BBQ,"668 S Alexandria Ave, Los Angeles, CA 90010"
Joe's Kansas City Bar-B-Que,"2876 H W 47th Ave, Kansas City, KS 66103"
Joe's On Weed St,"929 W Weed St, Chicago, IL 60642"
Joe's Pizza,"5 Carmine St, New York, NY 10014"
"Johnson's Real Ice Cream, Chicago","2953 N Broadway, Chicago, IL 60657"
JoJo's Shake Bar - River North,"19 W Hubbard St, Chicago, IL 60654"
Jones,"112 NW Couch St, Portland, OR 97209"
Jo's Hot Coffee Good Food,"105 W James St, Austin, TX 78704"
Joy District,"112w W Hubbard St, Chicago, IL 60654"
Joy Yee - Evanston,"521 Davis St, Evanston, IL 60201"
Joy Yee Plus,"1854 W Division St, Chicago, IL 60622"
Joy's Noodles & Rice,"3255 N Broadway, Chicago, IL 60657"
Joystick Gamebar,"429 Edgewood Ave NE, Atlanta, GA 30312"
Juice Austin,"105 W James St, Austin, TX 78704"
JuiceLand,"2212 S 1st St, Austin, TX 78704"
JuiceRx,"2004 W Cortland St, Chicago, IL 60647"
Kabobi Grill,"4748 N Kedzie Ave, Chicago, IL 60625"
Kachi Deli Cafe & Grill,"1059 Wilshire Blvd, Los Angeles, CA 90017"
Kagura,"1652 Cabrillo Ave, Torrance, CA 90501"
Kaiser Tiger,"1417 W Randolph St, Chicago, IL 60607"
Kameya,"806 W Webster Ave, Chicago, IL 60614"
Kanela Breakfast Club,"3232 N Clark St, Chicago, IL 60657"
Karl Strauss - Downtown LA,"310 Wilshire Blvd, Los Angeles, CA 90024"
Kava Culture Kava Bar,"17956 San Carlos Blvd, Fort Myers Beach, FL 33931"
KazuNori | The Original Hand Roll Bar,"414 S Main St, Los Angeles, CA 90013"
KazuNori: The Original Hand Roll Bar,"120 Broadway, Santa Monica, CA 90401"
KFire Korean BBQ,"2528 N Milwaukee Ave, Chicago, IL 60647"
Khamsa,"420 S Van Ness Ave, San Francisco, CA 94103"
Khepri Cafe,"4650 N Kedzie Ave, Chicago, IL 60625"
"Kibbitznest Books, Brews & Blarney","2214 N Clybourn Ave, Chicago, IL 60614"
Kie-Gol-Lanee,"5004 N Sheridan Rd, Chicago, IL 60640"
Killer Poboys,"819 Conti St, New Orleans, LA 70119"
Kimchi Pop,"1533 W Augusta Blvd, Chicago, IL 60642"
Kim's Home Cooking,"4823 N Kedzie Ave, Chicago, IL 60625"
Kimski,"954 W 31st St, Chicago, IL 60608"
Kincade's Bar & Grill,"946 W Armitage Ave, Chicago, IL 60614"
King of Cups,"2240 N Lincoln Ave, Chicago, IL 60614"
King of Pops Bar,"653 Ponce De Leon Ave NE, Atlanta, GA 30308"
Kings Dining & Entertainment,"1420 N Clybourn Ave, Chicago, IL 60610"
Kingston Mines,"2546 N Halsted St, Chicago, IL 60614"
Kinjiro,"418 E 2nd St, Los Angeles, CA 90012"
KINKA IZAKAYA ORIGINAL,"398 Church St, Toronto, ON M5B 1H5, C"
Kinky Bar,"Lázaro Cárdenas 315a, Zona Romántica, Emiliano Zapata, 48380 Puerto Vallarta, Jal., M"
Kinnaree Thai Kitchen,"2411 N Ashland Ave, Chicago, IL 60614"
Kitakata Ramen Ban Nai - Hoffman Estates,"1145 N Roselle Rd, Hoffman Estates, IL 60169"
Kitty O'Reillys Irish Pub,"49 E Oak St, Sturgeon Bay, WI 54235"
Kobawoo House,"3069 W 7th St, Los Angeles, CA 90005"
Kokomo,"1641 Orrington Ave, Evanston, IL 60201"
Komo,"738 W Couch Pl, Chicago, IL 60661"
Komodo,"235 Main St, Venice, CA 90291"
Kookie Haven,"345 Jefferson Blvd, Dallas, TX 75208"
Korealistic,"7727 Cox Ln, West Chester Township, OH 45069"
Krog Street Market,"101 Krog St NE, Atlanta, GA 30307"
Krung Thep Thai Cuisine,"3184 N Clark St, Chicago, IL 60657"
Kuma's Too,"640 W Diversey Pkwy, Chicago, IL 60614"
Kung Fu Tea,"4931 N Broadway, Chicago, IL 60640"
Kura Revolving Sushi Bar,"1715 E Golf Rd, Schaumburg, IL 60173"
Kurimu,"1632b W Division St, Chicago, IL 60622"
KyoChon,"3832 W 6th St, Los Angeles, CA 90020"
Kyoto Japanese Restaurant,"1080 E 1300 S, Salt Lake City, UT 84105"
L' Patron Tacos,"3747 W Fullerton Ave, Chicago, IL 60647"
L Street Tavern 603,"25 L St, Hampton, NH 03842"
la Barbecue,"90 Anthony St, Austin, TX 78702"
La Boulangerie,"915 W Belmont Ave, Chicago, IL 60657"
La Condesa,"200 1/2 Guadalupe St, Austin, TX 78701"
La Crêperie,"2839 N Clark St, Chicago, IL 60657"
La Ddong Ggo,"512 S Western Ave, Los Angeles, CA 90020"
La Fiesta Brava Mexican Restaurant,"1 E Main St, Waterloo, NY 13165"
La Marzocco Cafe,"413 1st Ave N, Seattle, WA 98109"
La Shuk,"1580 Lexington Ave, New York, NY 10029"
La Strada Cafe Bar,"2023 N California Ave, Chicago, IL 60647"
Lackman Bar,"1227 Vine St, Cincinnati, OH 45202"
Lafayette Coney Island,"1117 Randolph Street, Detroit, MI 48226"
Lakefront Brewery,"1872 ADJ N Commerce St, Milwaukee, WI 53212"
Lakehouse Grille,"15 Lake Shore Dr, Meredith, NH 03253"
Lala,"2205 1/2 Justin Ln, Austin, TX 78757"
Langer's Delicatessen,"709 S Alvarado St, Los Angeles, CA 90057"
Langhe Market,"2400 W Cortland St, Chicago, IL 60647"
Lao Peng You,"2014 W Chicago Ave, Chicago, IL 60622"
Lao Sze Chuan,"520 Lower Michigan Ave, Chicago, IL 60611"
Lao Yunnan,"2109 S China Pl, Chicago, IL 60616"
Lardon,"2200 N California Ave, Chicago, IL 60647"
Lark,"3443 N Halsted St, Chicago, IL 60657"
Las Glorias Del Buen Comer,"609 Silver Lake Blvd, Los Angeles, CA 90026"
Las Perlas,"584 S Main St, Los Angeles, CA 90013"
Last Rites,"720 14th St, San Francisco, CA 94114"
Launderette,"2107 1/2 Holly St, Austin, TX 78702"
Lava Lounge,"48 Welsh St, San Francisco, CA 94107"
Layla's,"Venezuela 137, 5 de Diciembre, 48350 Puerto Vallarta, Jal., M"
Lazo's Tacos,"2003 N Western Ave, Chicago, IL 60647"
Le Pain Quotidien,"513 S Broadway, Los Angeles, CA 90013"
Lee Chen Asian Bistro - King,"66 King St W, Toronto, ON M5H 1K5, C"
Lemming's Tavern,"1857 N Damen Ave, Chicago, IL 60647"
Lemonade,"161 S Brand Blvd, Glendale, CA 91204"
Lenox Coffee,"60 W 129th St, New York, NY 10027"
Leo's Tacos Truck,"1510 N Western Ave, Los Angeles, CA 90027"
Le's Pho,"4931 N Broadway, Chicago, IL 60640"
Levain Bakery - Harlem,"2165 Frederick Douglass Blvd, New York, NY 10026"
Levain Bakery - New York,"170 W 74th St, New York, NY 10023"
LH Rooftop,"87 E Wacker Dr, Chicago, IL 60601"
Liberty's Bar & Bottle,"1435 Clay St, Cincinnati, OH 45202"
Library Bar,"617 S Hope St, Los Angeles, CA 90017"
Life On Marz Community Club,"1960 N Western Ave, Chicago, IL 60647"
Lincoln Karaoke,"5500 N Lincoln Ave, Chicago, IL 60625"
Linger,"2033 W 30th Ave, Denver, CO 80211"
Links Taproom,"1559 N Milwaukee Ave, Chicago, IL 60622"
Lisalou's Chocolate Bar,"929 BC-99A, Vancouver, BC V6A 2V8, C"
Little Bad Wolf,"5556 N Clark St, Chicago, IL 60640"
Little Damage,"213 W 7th St, Los Angeles, CA 90014"
Little Goat Diner,"155 N Green St, Chicago, IL 60607"
Little Katana - Las Colinas,"18 W Royal Ln, Irving, TX 75039"
Little Lamb Hot Pot,"201 W Cermak Rd, Chicago, IL 60616"
Little Olive Lounge,"1539 N Milwaukee Ave, Chicago, IL 60622"
Little Pebbles,"175 Baldwin St, Toronto, ON M5T 2K2, C"
Little Sichuan,"164 E 4th Ave, San Mateo, CA 94401"
Little Sister,"516 W 7th St, Los Angeles, CA 90014"
Little Toasted,"300 W Jackson Blvd, Chicago, IL 60606"
Little Wok,"3144 N Broadway, Chicago, IL 60657"
Living Room Cafe - La Jolla,"7929 Girard Ave, La Jolla, CA 92037"
Lizzie McNeill's Irish Pub,"407 E River Dr, Chicago, IL 60611"
LJ Shanghai,"3124 US-6, Cleveland, OH 44114"
Local Coffee House,"614 E Cooper Ave, Aspen, CO 81611"
Logan 11 Bar and Kitchen,"2228 N California Ave, Chicago, IL 60647"
Logan Bar & Grill,"2228 N California Ave, Chicago, IL 60647"
Lokal,"1940 IL-64, Chicago, IL 60622"
Lola,"2062 E 4th St, Cleveland, OH 44115"
Lola's Coney Island,"2848 W Chicago Ave, Chicago, IL 60622"
"LondonHouse Chicago, Curio Collection by Hilton","85e E Wacker Dr, Chicago, IL 60601"
Lone Wolf,"806 W Randolph St, Chicago, IL 60607"
Lonesome Rose,"2104 N California Ave, Chicago, IL 60647"
Longman & Eagle,"2659 N Kedzie Ave, Chicago, IL 60647"
Lookout,"2299 Market St, San Francisco, CA 94114"
Lost Lake,"3152 W Diversey Ave, Chicago, IL 60647"
Lottie's Pub,"1923 W Cortland St, Chicago, IL 60622"
Lou Malnati's Pizzeria,"805 S State St, Chicago, IL 60605"
Lou Mitchell's,"311 S Jefferson St, Chicago, IL 60661"
Lowcountry Lakeview,"3236 N Sheffield Ave, Chicago, IL 60657"
Lula Cafe,"2539 N Kedzie Blvd, Chicago, IL 60647"
Lumpia Shack,"33 N 7th St, Brooklyn, NY 11249"
Luna Bakery Cafe,"2476 Fairmount Blvd, Cleveland Heights, OH 44106"
Lush Wine and Spirits,"1414 W Chicago Ave, Chicago, IL 60642"
Lustre Pearl,"20 S I-35 Frontage Rd, Austin, TX 78701"
Luxbar,"20 E Bellevue Pl, Chicago, IL 60611"
más,"800 W Washington Blvd, Chicago, IL 60607"
Mable's Table,"1659 W Cortland St, Chicago, IL 60622"
Maccheroni Republic,"334 S Broadway, Los Angeles, CA 90013"
MacReady Artisan Bread Company,"7830 WI-42, Egg Harbor, WI 54209"
Madame Monsieur,"507 W 6th St, Los Angeles, CA 90014"
Madcapra,"325 S Broadway, Los Angeles, CA 90013"
Madison Crab House,"1047 W Madison St, Chicago, IL 60607"
Magnolia Bakery Chicago,"1 W Randolph St, Chicago, IL 60601"
Mahalo,"1463 N Honore St, Chicago, IL 60622"
Maison Parisienne,"3303 N Clark St, Chicago, IL 60657"
Maki Masters,"604 W Belmont Ave, Chicago, IL 60657"
Malibu Seafood Fresh Fish Market & Patio Cafe,"25623 E Pacific Coast Hwy, Malibu, CA 90265"
Mammoth Poke,"2047 N Western Ave, Chicago, IL 60647"
Mandarin House,"9154 Overland Plaza, Overland, MO 63114"
Mango's Beach Club,"Uruguay 119, 5 de Diciembre, 48350 Puerto Vallarta, Jal., M"
Manny's,"599A Macon St, Brooklyn, NY 11233"
Map Of Thailand,"3710 Payne Ave, Cleveland, OH 44114"
Mapo Chicken,"1008 S St Andrews Pl, Los Angeles, CA 90019"
Marché Atwater,"145 Av. Atwater, Montréal, QC H3J 2Z8, C"
Marconi's Italian Restaurant,"417 Miami Pl, Huron, OH 44839"
Margarita Grill,"Basilio Badillo SN-S, Zona Romántica, Emiliano Zapata, 48380 Puerto Vallarta, Jal., M"
Maria's Packaged Goods and Community Bar,"954 W 31st St, Chicago, IL 60608"
Mariscos la Tia,"C. Honduras 239-S, 5 de Diciembre, 48350 Puerto Vallarta, Jal., M"
Market Garden Brewery,"1939 W 25th St, Cleveland, OH 44113"
Marlowe,"590 4th St, San Francisco, CA 94107"
Mart Anthony's,"440 N Racine Ave, Chicago, IL 60642"
Marugame Monzo,"329 1st St, Los Angeles, CA 90012"
Mary Mac's Tea Room,"239 Ponce De Leon Ave NE, Atlanta, GA 30308"
Masa Azul,"2857 W Diversey Ave, Chicago, IL 60647"
Masada,"2226 N California Ave, Chicago, IL 60647"
Mash'D,"2944 Crockett St, Fort Worth, TX 76107"
Mashti Malone's Ice Cream,"1539 N La Brea Ave, Los Angeles, CA 90028"
Mateo's Ice Cream & Fruit Bars,"4234 W Pico Blvd, Los Angeles, CA 90019"
Matjip Yi Pin Chuan,"3076 W 8th St, Los Angeles, CA 90005"
Mc Donald's,"Paseo Díaz Ordaz 888, Centro, 48300 Puerto Vallarta, Jal., M"
McAlister's Deli,"8425 N Belt Line Rd, Irving, TX 75063"
McConnell's Fine Ice Creams - Downtown Los Angeles,"313 S Broadway, Los Angeles, CA 90013"
McDonagh's,"1 High St, Galway, Co. Galway, H91 K5N5, Ir"
Meddle Coffee Bar,"605 W Jackson Blvd, Chicago, IL 60661"
Meddlesome Moth,"1806 Hi Line Dr, Dallas, TX 75207"
Meehan's Irish Pub & Seafood House,"51 Charlotte St, St. Augustine, FL 32084"
Meet Fresh,"2025 S State St, Chicago, IL 60616"
Meli Cafe,"808 W Roscoe St, Chicago, IL 60657"
Mellizoz Tacos,"602 W Monroe St, Austin, TX 78704"
MeMe's Cafe,"980 Zion – Mount Carmel Hwy, Springdale, UT 84767"
Men Oh Tokushima Ramen,"437 E 2nd St, Los Angeles, CA 90012"
Mendocino Farms,"446 Flower St, Los Angeles, CA 90071"
Mercato,"9872 Wilshire Blvd, Beverly Hills, CA 90210"
Metropolis Coffee Company,"1037 W Granville Ave, Chicago, IL 60660"
Mezcalero,"512 S Broadway, Los Angeles, CA 90013"
Mezza Mediterranean Grill,"345 W Merchandise Mart Plaza, Chicago, IL 60654"
MG Tofu House,"600 E 3rd St, Los Angeles, CA 90013"
Mi Chola,"106 S Mill St, Aspen, CO 81611"
Mi Dia from scratch,"300 Capitol St, Grapevine, TX 76051"
MIAN | 滋味小面,"4329 Spring Mountain Rd, Las Vegas, NV 89102"
Michael's Italian Kitchen,"8140n N MacArthur Blvd, Irving, TX 75063"
Midori Matcha Cafe,"135 Astronaut Ellison S Onizuka St, Los Angeles, CA 90012"
Mid-Summer Lounge,"623 E Green St, Champaign, IL 61820"
Mike's Pastry,"306 Hanover St, Boston, MA 02113"
Miki's Park,"107 W Hubbard St, Chicago, IL 60654"
Mild 2 Spicy,"6246 N California Ave, Chicago, IL 60659"
Mill Street Beer Hall,"19 Case Goods Lane, Toronto, ON M5A 3C4, C"
Milltown Bar & Grill,"101 Bentley St, Vancouver, BC V6P 6G2, C"
Milwaukee Ale House,"245 N Water St, Milwaukee, WI 53202"
Milwaukee Public Market,"221 E St Paul Ave, Milwaukee, WI 53202"
Mindy's Bakery,"1743 N Damen Ave, Chicago, IL 60647"
MingHin Cuisine,"25 N Park Dr, Chicago, IL 60601"
Mini Mott,"2755 W Fullerton Ave, Chicago, IL 60647"
Minsky's Pizza,"5051 Main St, Kansas City, MO 64112"
Miro,"330 S Hope St, Los Angeles, CA 90071"
Miss Asia,"432 W Diversey Pkwy, Chicago, IL 60614"
Mitsu Teahouse,"1737 Post St, San Francisco, CA 94115"
Mitsuru Cafe,"135 Japanese Village Plaza Mall, Los Angeles, CA 90012"
Mojo Coffee,"31 N La Salle St, Chicago, IL 60602"
Molecular Creamery,"362 E 2nd St, Los Angeles, CA 90012"
Molly Moon's Homemade Ice Cream,"319 W Galer St, Seattle, WA 98119"
Momiji,"1530 13th Ave, Seattle, WA 98122"
Momofuku,"3700 Las Vegas Blvd S, Las Vegas, NV 89109"
Momotaro,"125 N Union Ave, Chicago, IL 60661"
Mon Ami Gabi,"2312 N Lincoln Park W, Chicago, IL 60614"
Monday Night Brewing,"725 Trabert Ave NW, Atlanta, GA 30318"
MONEYGUN,"660 W Lake St, Chicago, IL 60661"
Monroe,"2160 Van Ness Ave, San Francisco, CA 94109"
Moon Bean Coffee Company,"30 St Andrew St, Toronto, ON M5T 1K6, C"
Morrone Pastry Shop & Cafe,"2351 Arthur Ave, The Bronx, NY 10458"
Mortar & Pestle,"3108 N Broadway, Chicago, IL 60657"
Mott St,"1566 W Blackhawk St, Chicago, IL 60612"
Mr Holmes Bakehouse,"1075 Larkin St, San Francisco, CA 94102"
Mr Szechuan,"2398 19th Ave, San Francisco, CA 94116"
Mr. Brown's Lounge,"85 E Wacker Pl, Chicago, IL 60601"
Mrs Fish,"450 S Hill St, Los Angeles, CA 90015"
Mudhouse Coffee,"323A South Ave, Springfield, MO 65806"
Murphy's Bleachers,"3653 N Sheffield Ave, Chicago, IL 60613"
Musashi,"2120 Dwight Way, Berkeley, CA 94704"
Museum at PrairieFire,"5602 W 136th Terrace, Overland Park, KS 66223"
Nacional 27,"311 W Huron St, Chicago, IL 60654"
Nan Xiang Xiao Long Bao - Flushing,"3934 Prince St, Flushing, NY 11354"
Nandarang Craft Beer + Kitchen,"3819 W 6th St, Los Angeles, CA 90020"
Nando's Peri-Peri,"201 N Michigan Ave, Chicago, IL 60601"
Nara Restaurant & Sake Bar,"518 Haight St, San Francisco, CA 94117"
Native Foods,"3141 N Kenmore Ave, Chicago, IL 60657"
Navigator Taproom,"2130 N Talman Ave, Chicago, IL 60647"
New China Station,"2348 N Western Ave, Chicago, IL 60647"
New Krishna,"12064 Lebanon Rd, Sharonville, OH 45241"
New Line Tavern,"201 N Clinton St, Chicago, IL 60661"
New Wave Coffee,"3103 W Logan Blvd, Chicago, IL 60647"
Nha Hang Viet Nam,"1030 W Argyle St, Chicago, IL 60640"
Nickel Diner,"524 S Main St, Los Angeles, CA 90013"
Nick's Beer Garden,"1516 N Milwaukee Ave, Chicago, IL 60622"
Nisei Lounge,"3437 N Clark St, Chicago, IL 60657"
Niwa Japanese BBQ,"101 N Walton St, Dallas, TX 75226"
No Bones Beach Club,"1943 W North Ave, Chicago, IL 60622"
No.18 Karaoke,"2201 N Milwaukee Ave, Chicago, IL 60647"
Nocturnem Draft Haus,"52 Main St, Bangor, ME 04401"
Noe Bagel,"1072 Sanchez St, San Francisco, CA 94114"
NoMI,"800 E Tower Ct, Chicago, IL 60611"
Noodles In the Pot,"2450 N Halsted St, Chicago, IL 60614"
Noon Mediterranean,"8600 N Belt Line Rd, Coppell, TX 75019"
Noon O Kabab,"4721 N Kedzie Ave, Chicago, IL 60625"
Nora Thai,"180 N 9th St, Brooklyn, NY 11211"
North Beach Fish Camp,"100 First St, Neptune Beach, FL 32266"
Northern Cafe,"11993 Wilshire Blvd, Los Angeles, CA 90025"
Northern Taste,"3407 S Halsted St, Chicago, IL 60608"
Northstar Café,"951 N High St, Columbus, OH 43201"
Nossa Familia Coffee,"316 W 5th St, Los Angeles, CA 90013"
Nouilles de Lan Zhou,"530 Boul. Saint-Laurent, Montréal, QC H2Y 2Y9, C"
O! Nigiri,"82 St Marks Pl, New York, NY 10003"
Oak + Char,"215 W Huron St, Chicago, IL 60654"
Oakobing,"3323 W 6th St, Los Angeles, CA 90020"
Octopus Japanese Restaurant,"750 Flower St, Los Angeles, CA 90017"
Off the Record,"2714 1/2 Elm St, Dallas, TX 75226"
Oh My Pan Bakery & Cafe,"106 S San Gabriel Blvd, San Gabriel, CA 91776"
Ohyama Ramen,"201-4000 Whistler Way, Whistler, BC V0N 1B4, C"
Oiistar,"1393a N Wood St, Chicago, IL 60622"
Okipoki,"510 S Spring St, Los Angeles, CA 90013"
Old Crow Smokehouse River North,"149 W Kinzie St, Chicago, IL 60654"
Old Town Mexican Cafe,"2491 San Diego Ave, San Diego, CA 92110"
Old Town Social,"455 IL-64, Chicago, IL 60610"
Ole Ole,"2138 E Burnside St, Portland, OR 97214"
Oleego By Parks BBQ,"735 S Figueroa St, Los Angeles, CA 90017"
Olivella's Pizza And Wine,"3408 McFarlin Blvd, Dallas, TX 75205"
Omnivore,"4374 Boul. Saint-Laurent, Montréal, QC H2W 1Z5, C"
Oomasa Restaurant,"100 N Los Angeles St, Los Angeles, CA 90012"
Opera House Coffee and Food Emporium,"19 E 5th St, Kansas City, MO 64106"
Original Pantry Cafe,"860 James M Wood Blvd, Los Angeles, CA 90015"
Orochon Ramen,"395 Flower St, Los Angeles, CA 90071"
Oromo Cafe Bucktown,"2401 W Homer St, Chicago, IL 60647"
Orphan Andy's,"2397 Market St, San Francisco, CA 94114"
Oscar's Cafe,"956 Zion – Mount Carmel Hwy, Springdale, UT 84767"
Osmium Coffee Bar,"1115 W Belmont Ave, Chicago, IL 60657"
O'Sullivan's Public House,"410 Marengo Ave, Forest Park, IL 60130"
O'tacos Brooklyn,"636 Nostrand Ave., Brooklyn, NY 11216"
Otium,"25 Grand Lower, Los Angeles, CA 90012"
Oyster Bar,"456470 E Harmon Ave, Las Vegas, NV 89169"
Paddy Mac's,"4159 N Pulaski Rd, Chicago, IL 60641"
Pagaille Café,"213 Rue Villeneuve O, Montréal, QC H2T 2R8, C"
Paik's Noodle,"1615 IL-21, Glenview, IL 60025"
Paired Wine,"3509 N Halsted St, Chicago, IL 60657"
Pakwan Restaurant - 16th Street,"3180 16th St, San Francisco, CA 94103"
Pancake Boy,"1043 Noe St, San Francisco, CA 94114"
Pancho's Takos,"Basilio Badillo 168c, Emiliano Zapata, 48380 Puerto Vallarta, Jal., M"
Panera Bread,"1690 IL-50, Bourbonnais, IL 60914"
Paper Daisy,"40 1/2 St Marks Pl, New York, NY 10003"
PappaRoti,"787 Nicola St, Vancouver, BC V6G 1C3, C"
Parachute,"3500 N Troy St, Chicago, IL 60618"
Paradise Bowls,"919e Manhattan Ave, Manhattan Beach, CA 90266"
Paradise Park,"1911 W North Ave, Chicago, IL 60622"
Park & Field,"3513 W Fullerton Ave, Chicago, IL 60647"
Parlor Pizza Bar,"832 W Washington Blvd, Chicago, IL 60607"
Parlor Pizza Bar - Wicker Park,"1825 W Division St, Chicago, IL 60622"
Parson's Chicken & Fish - Logan Square,"2946 W Armitage Ave, Chicago, IL 60647"
Patati Patata,"4175 Boul. Saint-Laurent, Montréal, QC H2W 1Y7, C"
Patika,"2159 Kinney Rd, Austin, TX 78704"
Patton Alley Pub,"308 W McDaniel St, Springfield, MO 65806"
Paula's Thai Kitchen,"2442 N Halsted St, Chicago, IL 60614"
Paulie Gee's Logan Square,"2457 N Milwaukee Ave, Chicago, IL 60647"
Paul's Pel'meni,"507 State St, Madison, WI 53703"
Pearl's Southern Comfort,"5354 N Broadway, Chicago, IL 60640"
Peju Winery,"8466 St Helena Hwy, Napa, CA 94558"
Peking Mandarin,"4810 N Pulaski Rd, Chicago, IL 60630"
Peking Tavern,"711 S Hope St, Los Angeles, CA 90017"
Pendry Chicago,"224 Michigan Ave, Chicago, IL 60601"
Peppercorns Kitchen,"620 Davis St, Evanston, IL 60201"
Pequod's Pizzeria,"2215 N Clybourn Ave, Chicago, IL 60614"
Perch,"452 S Hill St, Los Angeles, CA 90013"
Pez Cantina,"437 S Olive St, Los Angeles, CA 90013"
Phat Phat,"17 S Roselle Rd, Schaumburg, IL 60193"
Philz Coffee,"805 S Hope St, Los Angeles, CA 90017"
Phnom Penh,"246 E Georgia St, Vancouver, BC V6A 1Z7, C"
Pho 96,"7844-B Kingland Dr, West Chester Township, OH 45069"
Pho Duy,"925 S Federal Blvd, Denver, CO 80219"
Pho Huynh Hiep 2 - Kevin's Noodle House,"711 Marina Blvd, San Francisco, CA 94123"
Pho Kim Long,"4053 Spring Mountain Rd, Las Vegas, NV 89102"
Pho Nam Lua,"6300 N McCormick Blvd, Chicago, IL 60659"
Pho Viet,"4945 N Broadway, Chicago, IL 60640"
Phoday,"1711 E Golf Rd, Schaumburg, IL 60173"
Piada Italian Street Food,"9311 Mason Montgomery Rd, Mason, OH 45040"
Piece Brewery and Pizzeria,"1931 W North Ave, Chicago, IL 60622"
Pier Burger,"321 Colorado Ave, Santa Monica, CA 90401"
Pilot Project Brewing,"2575 N Milwaukee Ave, Chicago, IL 60647"
Pine & Crane,"1523 Griffith Park Blvd, Los Angeles, CA 90026"
Pine Creek Cookhouse,"330 E Main St, Aspen, CO 81611"
Ping Pong Club,"5792 Boul. Saint-Laurent, Montréal, QC H2T 1S8, C"
Pink Taco - Chicago,"431 N Wells St, Chicago, IL 60654"
Pinkberry,"1023-B S Brand Blvd, Glendale, CA 91204"
Pinstack,"3034 Regent Blvd, Irving, TX 75063"
Pints,"114 S York St, Elmhurst, IL 60126"
Piroshky Piroshky,"1906 Pike Pl, Seattle, WA 98101"
Pita Parlor,"2342 N California Ave, Chicago, IL 60647"
Pitango Bakery Cafe,"901 S Ann St, Baltimore, MD 21231"
Pitango Gelato,"901 S Ann St, Baltimore, MD 21231"
Pitchoun!,"543 S Olive St, Los Angeles, CA 90013"
Pizza Hut,"2785 W Francis Pl, Chicago, IL 60647"
Pizza Next Door,"806 W 8th St, Los Angeles, CA 90017"
Pizza y Pan Pa' Ya,"2201 N Milwaukee Ave, Chicago, IL 60647"
Plan Check Kitchen + Bar,"105 Wilshire Blvd, Los Angeles, CA 90017"
Pocha 32,"12w E 32nd St, New York, NY 10001"
Poh's Corner Pub,"160 Co Rd B, Sturgeon Bay, WI 54235"
Point & Feather,"119 W Hubbard St, Chicago, IL 60654"
Poke Republic,"2207 S Sepulveda Blvd, Los Angeles, CA 90064"
PokeBar,"350 S Grand Ave, Los Angeles, CA 90071"
PokeTendo,"512 W 7th St, Los Angeles, CA 90014"
Pono Ono Poke,"1630 Chicago Ave, Evanston, IL 60201"
Poor Calvin's,"530 Piedmont Ave NE, Atlanta, GA 30308"
Popeyes Louisiana Kitchen,"612 Canal St, New Orleans, LA 70130"
Pops for Champagne,"17 W Ohio St, Chicago, IL 60642"
Porter Kitchen & Deck,"400 W Randolph St, Chicago, IL 60606"
Portillo's & Barnelli's Chicago,"629 N Clark St, Chicago, IL 60654"
Potbelly Sandwich Shop,"3428 N Southport Ave, Chicago, IL 60657"
Presotea,"99 John St, Toronto, ON M5V 0S6, C"
Press Brothers Juicery,"315 S Broadway, Los Angeles, CA 90013"
Pretty Cool Ice Cream,"2355 N California Ave, Chicago, IL 60647"
Preux & Proper,"835 S Main St, Los Angeles, CA 90014"
Prince Coffee House,"663 Crescent Ave, The Bronx, NY 10458"
Protein Bar & Kitchen,"320 N Wells St, Chicago, IL 60654"
PRYSM Nightclub,"1545 N Kingsbury St, Chicago, IL 60642"
Public House,"6w E Kinzie St, Chicago, IL 60654"
Public School 213,"806 Flower St, Los Angeles, CA 90017"
Publican Anker,"1551 N Damen Ave, Chicago, IL 60622"
PYT,"400 S Main St, Los Angeles, CA 90013"
Qiao Lin Hotpot,"2101 S Jefferson St, Chicago, IL 60616"
Qing Xiang Yuan Dumplings,"2141s S Wentworth Ave, Chicago, IL 60616"
Q-Tine,"2833 W Belden Ave, Chicago, IL 60647"
Quartino Ristorante,"628 N State St, Chicago, IL 60654"
Quesadilla La Reyna del Sur,"2211 N Western Ave, Chicago, IL 60647"
QWENCH Juice Bar,"673 W 9th St, Los Angeles, CA 90015"
Rachel's Ginger Beer - 12th Avenue,"1620 12th Ave, Seattle, WA 98122"
Rainbow Tacos,"5118 N Lincoln Ave, Chicago, IL 60625"
Rakki Cafe,"1386 N Milwaukee Ave, Chicago, IL 60622"
Raku,"338E E 6th St, New York, NY 10003"
Ramen Danbo,"1222a E Pine St, Seattle, WA 98122"
Ramen Nagi,"10250 CA-2, Los Angeles, CA 90067"
Ramen Wasabi,"2107 N Maplewood Ave, Chicago, IL 60647"
Ramen-San Whisky Bar,"221 N Green St, Chicago, IL 60607"
Ramuntos,"548 Main St, Bennington, VT 05201"
Real Thai Restaurant,"7421 N Osceola Ave, Chicago, IL 60634"
Reclaimed Bar and Restaurant,"3657 N Western Ave, Chicago, IL 60618"
Red Elephant Chocolate,"121 N Broadway, Milwaukee, WI 53202"
Red Lobster,"820 E Golf Rd, Schaumburg, IL 60173"
Red Rooster Harlem,"310 Lenox Ave, New York, NY 10027"
Red Velvet Cafe,"246 OH-3, Columbus, OH 43215"
Redhead Piano Bar,"16w W Ontario St, Chicago, IL 60654"
Refuge Live!,"428 S Clark St, Chicago, IL 60605"
Remedy,"1912 N Milwaukee Ave, Chicago, IL 60647"
Remedy Diner,"190 Norfolk St, New York, NY 10002"
Reno,"2607 N Milwaukee Ave, Chicago, IL 60647"
Replay Beer and Bourbon,"3438 N Halsted St, Chicago, IL 60657"
Replay Lincoln Park,"2833 N Sheffield Ave, Chicago, IL 60657"
Resident,"436 S Hewitt St, Los Angeles, CA 90013"
Reunion Surf Bar,"623 9th Ave, New York, NY 10036"
Revolution Brewing,"2334 N California Ave, Chicago, IL 60647"
Rhythm Room LA,"539 S Spring St, Los Angeles, CA 90013"
RiceBar,"412 7th St, Los Angeles, CA 90014"
Rice'N Bread,"3437 N Clark St, Chicago, IL 60657"
Rich Crab,"4255 W 3rd St, Los Angeles, CA 90020"
Rickshaw Republic,"2317 N Lincoln Ave, Chicago, IL 60614"
Ripe Kitchen & Bar,"145 61, Mt Vernon, NY 10550"
Ristorante Allegria,"948 Main St, Napa, CA 94559"
Rizzo's Bar & Inn,"3662 N Clark St, Chicago, IL 60613"
Roberta's Pizza At Broadway Bites,"1030 Broadway, New York, NY 10010"
Rock & Reilly's DTLA,"615 Flower St, Los Angeles, CA 90017"
Rock Bottom Restaurant & Brewery,"525 N State St, Chicago, IL 60654"
Rockit Bar & Grill,"30 W Hubbard St, Chicago, IL 60654"
Rocky's Tacos,"7064 N Clark St, Chicago, IL 60626"
Roister,"951 W Fulton St, Chicago, IL 60607"
Roka Akor - Chicago,"456 N Clark St, Chicago, IL 60654"
Rol San,"327 A Spadina Ave., Toronto, ON M5T 2E9, C"
Rollapalooza,"3349 N Halsted St, Chicago, IL 60657"
Rooftop 93,"102 Hester St, New York, NY 10002"
ROOH Chicago,"159 N Halsted St, Chicago, IL 60661"
Root Down,"3251 Osage St, Denver, CO 80211"
Royal House,"711 St Louis St, New Orleans, LA 70130"
RUBIES+DIAMONDS,"6097 Sunset Blvd, Los Angeles, CA 90028"
Ruby Slipper Cafe,"1 Common St, New Orleans, LA 70130"
Rudy's Bar & Grill,"623 9th Ave, New York, NY 10036"
Rumi Middle Eastern Grill,"1539 N Milwaukee Ave, Chicago, IL 60622"
Russian Tea Time,"72 E Adams St, Chicago, IL 60603"
Ruthie's Bar & Grill,"504 E Blaine St, Springfield, MO 65803"
Rye,"1730 Broadway, San Francisco, CA 94109"
RYUU Asian BBQ & Sushi,"2766 N Milwaukee Ave, Chicago, IL 60647"
Saffron,"292 S Grand Ave, Los Angeles, CA 90071"
Saigon Lotus,"2913 N Halsted St, Chicago, IL 60657"
Sake Bar Decibel,"236 E 9th St, New York, NY 10003"
Salazar,"2482 Fletcher Dr, Los Angeles, CA 90039"
Salsa 17,"14 W Campbell St, Arlington Heights, IL 60005"
Salt & Straw,"831 E 3rd St, Los Angeles, CA 90013"
Salt & Straw - Windsor Square Los Angeles,"244 N Larchmont Blvd, Los Angeles, CA 90004"
Sassafras Bakery,"659 High St, Worthington, OH 43085"
Saus,"24 Scott Alley, Boston, MA 02115"
Sawada Coffee,"114 N Green St, Chicago, IL 60607"
Schmackary's,"35 Cooper Sq, New York, NY 10003"
School Food Blooming Roll,"12 S Western Ave, Los Angeles, CA 90020"
Scofflaw,"3203 W Armitage Ave, Chicago, IL 60647"
Scratcher,"209 E 5th St, New York, NY 10003"
Sea & Olive,"1932 W Division St, Chicago, IL 60622"
Seasalt Fish Grill,"716 7th St, Los Angeles, CA 90017"
Seoul Sausage Little Tokyo,"222 S Los Angeles St, Los Angeles, CA 90013"
Seoul Taco,"100 W Superior St, Chicago, IL 60654"
Sepia,"135 N Jefferson St, Chicago, IL 60661"
Serai,"2169A N Milwaukee Ave, Chicago, IL 60647"
Seven Grand,"727 S Hill St, Los Angeles, CA 90014"
Seven Ten Lanes,"1055 E 55th St, Chicago, IL 60615"
Shake Shack,"6156 Hollywood Blvd, Los Angeles, CA 90028"
Shake Shack Chicago Athletic Association,"12 Michigan Ave, Chicago, IL 60603"
Shamrock Club,"206 W Kinzie St, Chicago, IL 60654"
Shang Noodle - Chicago,"221 E Grand Ave, Chicago, IL 60611"
Shang Noodle & Chinese,"606 Davis St, Evanston, IL 60201"
Sheffield's Wine & Beer Garden,"1009 W School St, Chicago, IL 60657"
Shen Yang Restaurant,"131 S San Gabriel Blvd, San Gabriel, CA 91776"
Shigezo Izakaya,"1005 SW Park Ave, Portland, OR 97205"
Shoo Shoo Baby,"717 W 7th St, Los Angeles, CA 90017"
Siam Splendour,"1127 Emerson St, Evanston, IL 60201"
Sichuan Chili Chinese Restaurant,"5640 Prosser Ave, Cincinnati, OH 45216"
Sichuan Palace,"341 Calhoun St, Cincinnati, OH 45219"
Siena Tavern,"51 W Kinzie St, Chicago, IL 60654"
Silli Kori,"2058 W Division St, Chicago, IL 60622"
Silom 12,"1842/44 N Milwaukee Ave, Chicago, IL 60647"
Silverlake Ramen,"2929 Sunset Blvd, Los Angeles, CA 90026"
Sin É,"9 Foxhill Cres, Donaghmede, Dublin 13, D13 T2H3, Ir"
Sing Sing Ave.A,"81a Avenue A, New York, NY 10009"
Sip of Hope,"3047 W Fullerton Ave, Chicago, IL 60647"
Sixth St Tavern,"617 S Hope St, Los Angeles, CA 90017"
Sizzling Pot King,"765 W Jackson Blvd, Chicago, IL 60661"
Sky Terrace,"229 E Ontario St, Chicago, IL 60611"
Skyline Chili,"7714 Dudley Dr, West Chester Township, OH 45069"
SLC Eatery,"21 Herbert Ave S, Salt Lake City, UT 84111"
Sleepy Bee Cafe - Oakley,"4201 Brownway Ave, Cincinnati, OH 45209"
Slice Factory,"3435 W 26th St, Chicago, IL 60623"
Slightly Toasted,"30 N Clinton St, Chicago, IL 60661"
Slurp Slurp,"2245 S Wentworth Ave, Chicago, IL 60616"
Slurpin' Ramen Bar - Los Angeles,"3500 W 8th St, Los Angeles, CA 90005"
Slurping Turtle,"112w W Hubbard St, Chicago, IL 60654"
Small Cheval- Wicker Park,"2609 W Wabansia Ave, Chicago, IL 60647"
Smoke's Poutinerie,"217 Adelaide St W, Toronto, ON M5H 1W7, C"
Snakes & Lattes - Chicago,"1967 N Milwaukee Ave, Chicago, IL 60647"
"Snooze, an A.M. Eatery","2300 Larimer St, Denver, CO 80205"
Snow Dragon Shavery & Yogurt,"2604 N Clark St, Chicago, IL 60614"
Snow Junkie Cafe,"3761 N Clark St, Chicago, IL 60613"
SnowLA Shavery,"3464 W 6th St, Los Angeles, CA 90020"
Sobo 151 Czech Bar & Grill,"151 S Broadway, Denver, CO 80209"
Sociale Chicago,"800 S Clark St, Chicago, IL 60605"
Soft Swerve,"85B Allen St, New York, NY 10002"
SOI - Capitol Hill,"1000 E Union St, Seattle, WA 98122"
Sol's On Sheridan,"4710 N Sheridan Rd, Chicago, IL 60640"
Soma Chocolatemaker,"32 Tank House Lane, Toronto, ON M5A 3C4, C"
SomiSomi,"612 S Manhattan Pl, Los Angeles, CA 90005"
Sonic Drive-In,"1016 W Wilson Ave, Chicago, IL 60640"
Sonny's Pizzeria,"133 N Madison Ave, Sturgeon Bay, WI 54235"
Souk Mediterranean Bistro & Bar,"325 Singleton Blvd, Dallas, TX 75212"
South City Kitchen Buckhead,"3350 Peachtree Rd NE, Atlanta, GA 30305"
Sparrow,"12 W Division St, Chicago, IL 60610"
Speedy Romeo,"295 Greene Ave, Brooklyn, NY 11238"
Spilt Milk,"2756 W Fullerton Ave, Chicago, IL 60647"
SPIN Chicago,"346 N State St, Chicago, IL 60654"
Spire 73,"505 W 31st St, Los Angeles, CA 90007"
Spot Dessert Bar,"12w E 32nd St, New York, NY 10001"
Spread Mediterranean Kitchen,"349 S Main St, Los Angeles, CA 90013"
Spring,"246 S Spring St, Los Angeles, CA 90012"
Spring For Coffee,"552 S Spring St, Los Angeles, CA 90013"
Spring Street Bar,"626a S Spring St, Los Angeles, CA 90014"
Sprinkles Chicago,"Sprinkles Cupcakes, 54 E Walton St, Chicago, IL 60611"
Ssyal Ginseng House,"2201 N Milwaukee Ave, Chicago, IL 60647"
St. Regis Bar,"2300 Deer Crest Estates Dr, Park City, UT 84060"
Stacks Espresso Bar,"176 Chestnut St, Albany, NY 12210"
Standard Bar & Grill,"1288 N Hermitage Ave, Chicago, IL 60622"
Star BBQ,"1213 Savoy Plaza Ln, Savoy, IL 61874"
Star Karaoke,"471 W 5th St, Los Angeles, CA 90013"
Starbucks,"64 Old Orchard Shopping Center, Skokie, IL 60077"
STARBUCKS COFFEE,"1632 IL-50, Bourbonnais, IL 60914"
Starbucks Reserve Roastery Chicago,"121 E Erie St, Chicago, IL 60611"
Starbucks Reserve Roastery Seattle,"1120 Pike St, Seattle, WA 98101"
State Street Brats,"601 State St, Madison, WI 53703"
Steve's Authentic Key Lime Pies,"215 Van Dyke St, Brooklyn, NY 11231"
Sticky Rice,"461 S Olive St, Los Angeles, CA 90013"
STIRR,"2803 Main St, Dallas, TX 75226"
Stocks and Blondes,"30 N Wells St, Chicago, IL 60606"
Stone Korean Restaurant,"900 Dexter Ave N, Seattle, WA 98109"
Stonesedge Kitchen,"4058-4106 Golfers Approach, Whistler, BC V0N 1B4, C"
Strada Eateria & Bar,"117 W 5th St, Los Angeles, CA 90013"
Strand Bookstore,"50 E 14th St, New York, NY 10003"
StrandBar,"1132 Ocean Dr, Manhattan Beach, CA 90266"
Strings Ramen Shop,"2145 S Archer Ave, Chicago, IL 60616"
Stubb's Bar-B-Q,"520 1/2 E 8th St, Austin, TX 78701"
St-Viateur Bagel,"259 Rue Saint-Viateur O, Montréal, QC H2V 1Y1, C"
Subject,"269 E Houston St, New York, NY 10002"
Sugarbird Sweets,"310 Wilshire Blvd, Los Angeles, CA 90024"
SUGARFISH by sushi nozawa,"605 W 7th St, Los Angeles, CA 90017"
Sugarlands Distilling Co,"805 Maples Ln, Gatlinburg, TN 37738"
Sultan's Market,"2204 N Sacramento Ave, Chicago, IL 60647"
Summer House Santa Monica,"1956 N Halsted St, Chicago, IL 60614"
Sumo Shack,"5625 SMU Boulevard, Dallas, TX 75206"
Sun Wah Bar-B-Que,"5043 N Broadway, Chicago, IL 60640"
Sunny's Bar,"287 Conover St, Brooklyn, NY 11231"
Super Duper Burgers,"719 Market St, San Francisco, CA 94103"
Super Power,"718 Nostrand Ave., Brooklyn, NY 11216"
Superkhana International,"2751 N Albany Ave, Chicago, IL 60647"
Suprema Provisions,"84 7th Ave S, New York, NY 10014"
Supreme Restaurant,"105 Mott St, New York, NY 10013"
Sushi + Rotary Sushi Bar - Boystown,"3213 N Broadway, Chicago, IL 60657"
Sushi Burrito,"600 W Surf St, Chicago, IL 60657"
Sushi Gen,"428 E 2nd St, Los Angeles, CA 90012"
Sushi Go 55,"2 Alameda St, Los Angeles, CA 90012"
Sushi O Sushi,"350 W Armitage Ave, Chicago, IL 60614"
Sushi Para II,"415 W Belden Ave, Chicago, IL 60614"
Sushi Poki,"3600 Regent Blvd, Irving, TX 75063"
Sushi Station,"1643 IL-62, Rolling Meadows, IL 60008"
Sushi Taku,"1902 W Division St, Chicago, IL 60622"
Sushi Taku - Logan Square,"2289 N Milwaukee Ave, Chicago, IL 60647"
Swad,"6013 Monona Dr, Monona, WI 53716"
Sweetfin,"731 7th St, Los Angeles, CA 90017"
sweetgreen,"639 W 5th St, Los Angeles, CA 90071"
Sweetwater Tavern and Grille,"233 Michigan Ave, Chicago, IL 60601"
Syrup Desserts,"605 S Spring St, Los Angeles, CA 90014"
Szechuan Cafe,"2060 E 100th St, Cleveland, OH 44106"
Table To Stix Ramen,"1112 Church St, Evanston, IL 60201"
"Table, Donkey and Stick","2732 W Armitage Ave, Chicago, IL 60647"
Tabletop,"1810 OH-3, Cleveland, OH 44113"
Tabu,"375 N Morgan St, Chicago, IL 60607"
Taco & Burrito Palace,"3509 N Halsted St, Chicago, IL 60657"
Taco Bell,"1433 N Milwaukee Ave, Chicago, IL 60622"
Taco Diablo,"1024 Davis St, Evanston, IL 60201"
Taco In A Bag,"2307 W Wilson Ave, Chicago, IL 60625"
Tacos Robles,"C. Constitución 267, Zona Romántica, Emiliano Zapata, 48380 Puerto Vallarta, Jal., M"
Tai Ke Shabu Shabu,"8604 Olive Blvd, St. Louis, MO 63132"
Taipei Cafe,"2609 S Halsted St, Chicago, IL 60608"
Takito Kitchen,"2015 W Division St, Chicago, IL 60622"
Tanpopo,"1750 Buchanan St, San Francisco, CA 94115"
Tanta,"6 W Grand Ave, Chicago, IL 60654"
Tapster,"2019 IL-64, Chicago, IL 60647"
Taqueria & Restaurant Cd. Hidalgo,"7110 N Clark St, Chicago, IL 60626"
Taqueria Los Laureles,"2212 W Algonquin Rd, Rolling Meadows, IL 60008"
Tartine Bakery,"3606 18th St, San Francisco, CA 94110"
Taste Korea 232,"447 DeKalb Ave, Brooklyn, NY 11205"
Taste of Belgium - Over The Rhine,"1201 Vine St, Cincinnati, OH 45202"
Taste of Belgium - Rookwood,"2660 Garland Ave, Cincinnati, OH 45209"
Tasty Garden,"524 N Atlantic Blvd, Monterey Park, CA 91754"
Tatte Bakery & Cafe,"28-52 Pier 4 Blvd., Boston, MA 02210"
Tavern On Rush,"20 E Bellevue Pl, Chicago, IL 60611"
Taxim,"1530 N Milwaukee Ave, Chicago, IL 60622"
TBaar,"430 N State St, Chicago, IL 60654"
Tender Greens,"507 W 6th St, Los Angeles, CA 90014"
Ten-Raku,"4177 W 3rd St, Los Angeles, CA 90020"
Terry Black's Barbecue,"1009 Barton Springs Rd, Austin, TX 78704"
The Abbey Food & Bar,"686 N Robertson Blvd, West Hollywood, CA 90069"
The Angry Crab,"5665 N Lincoln Ave, Chicago, IL 60659"
The Aviary,"951 W Fulton Market, Chicago, IL 60607"
The Bagel Factory,"3004. S Sepulveda Blvd, Los Angeles, CA 90064"
The Beehive,"836 Valencia St, San Francisco, CA 94110"
The Big Biscuit,"6320 NW Barry Rd, Kansas City, MO 64154"
The Black Sheep,"118 E 6th St, Los Angeles, CA 90014"
The Boiler Room,"2210 N California Ave, Chicago, IL 60647"
The Bongo Room,"1466 N Milwaukee Ave, Chicago, IL 60622"
The Boundary Tavern & Grille,"1932 W Division St, Chicago, IL 60622"
The Brick,"508 5th St, Park City, UT 84060"
The Bubble Tea Shop,"332 3rd Ave N, Seattle, WA 98109"
The Bun Shop,"195 N Western Ave, Los Angeles, CA 90004"
The Burger Joint,"1004 California St, Houston, TX 77006"
The Burlington,"3433 W Fullerton Ave, Chicago, IL 60647"
The Cabin,"429 Main St, Park City, UT 84060"
The California Clipper,"2806 W Augusta Blvd, Chicago, IL 60622"
"The Chicago Diner, Lakeview","3402 N Halsted St, Chicago, IL 60657"
"The Chicago Diner, Logan Square","2336 N Milwaukee Ave, Chicago, IL 60647"
The Coffee Ethic,"126 Park Central Square, Springfield, MO 65806"
The Coffee Mill,"49 Potomac St, Harpers Ferry, WV 25425"
The Counter Downtown LA,"725 W 7th St, Los Angeles, CA 90017"
The Courier Cafe,"113 N Race St, Urbana, IL 61801"
The Crafty Pint,"2234 OH-161, Columbus, OH 43085"
The Crawfish Pot & Oyster Bar,"9804 Gulf Fwy, Houston, TX 77034"
The Dawson,"501 N Milwaukee Ave, Chicago, IL 60642"
The Delta,"1743 IL-64, Chicago, IL 60622"
The Driskill Bar,"117 E 7th St, Austin, TX 78701"
The Drop Lounge,"1912 N Lincoln Park W, Chicago, IL 60614"
The Drunken Bean Coffee And Wine Bar,"1550 N Lake Shore Dr, Chicago, IL 60610"
The Edison,"110 W 2nd St, Los Angeles, CA 90012"
The Farmhouse Tap & Grill,"170 Bank St, Burlington, VT 05401"
The Flower Flat,"624 W Addison St, Chicago, IL 60613"
The Flying Pig,"1159 Hamilton St, Vancouver, BC V6B 5P6, C"
The Franklin Room,"233 W Huron St, Chicago, IL 60654"
The Front Door,"1 High St, Galway, Co. Galway, H91 K5N5, Ir"
The Front Room Chicago,"842 W Randolph St, Chicago, IL 60607"
The Gingerman Tavern,"3742 N Clark St, Chicago, IL 60613"
The Good Life BAR BAR,"417 1/2 Brazos St, Austin, TX 78701"
The Great Dane Pub & Brewing Company,"179 King St, Madison, WI 53703"
The Green Room,"2629 Elm St, Dallas, TX 75226"
The Griffin,"3010 Los Feliz Blvd, Los Angeles, CA 90039"
The Gundis,"290911 N Clark St, Chicago, IL 60657"
The Halal Guys,"49 W Division St, Chicago, IL 60610"
The Hampton Social - River North,"353 W Hubbard St, Chicago, IL 60654"
The Hideout,"1358 W Wabansia Ave, Chicago, IL 60642"
The Hideout Coffeehouse,"619 Congress Ave., Austin, TX 78701"
The Jolly Goat Coffee Bar,"518 W 47th St, New York, NY 10036"
The Jolly Scholar,"1111 Euclid Ave, Cleveland, OH 44106"
The Junction Bar - Billiards,"9366 Telegraph Rd, Downey, CA 90240"
The Ladies' Room,"2951 W Diversey Ave, Chicago, IL 60647"
The Lark Bar,"29 3rd St, San Francisco, CA 94103"
The Lockhart,"1479 Dundas St W, Toronto, ON M6J 1Y8, C"
The Loveless Cafe,"8410 TN-100, Nashville, TN 37221"
The Loyalist,"174 N Ada St, Chicago, IL 60607"
The Map Room,"2000 N Hoyne Ave, Chicago, IL 60647"
The Meatery,"3108 Edgemont Blvd, North Vancouver, BC V7R 2X4, C"
The Mercury,"675 Ponce De Leon Ave NE, Atlanta, GA 30308"
The Moonlighter,"3204 W Armitage Ave, Chicago, IL 60647"
The Moonshiners Southern Table + Bar,"1000 Prairie St, Houston, TX 77002"
The Native,"2414 N Milwaukee Ave, Chicago, IL 60647"
The Northman Beer & Cider Garden Riverwalk,"354 E Wacker Dr, Chicago, IL 60601"
The Organic Press,"257 Augusta Ave, Toronto, ON M5T 2M1, C"
The Original Ninfa's on Navigation,"2706 Navigation Blvd, Houston, TX 77003"
The Original Pancake House,"9409 Civic Centre Blvd, West Chester Township, OH 45069"
The Owl,"2527 N Milwaukee Ave, Chicago, IL 60647"
The Palm Court at RH San Francisco,"590 20th St, San Francisco, CA 94107"
The Pancake Pantry,"1766 21st Ave S, Nashville, TN 37212"
The Patriot Inn,"760 S Circular Rd, Saint James' (part of Phoenix Park), Dublin, D08 HV0A, Ir"
The Perch,"1155 N Winchester Ave, Chicago, IL 60622"
The Phoenix On Westheimer,"2526 Hazard St, Houston, TX 77019"
The Pie Hole,"716 Traction Ave, Los Angeles, CA 90013"
The Prince,"3198 7th St, Los Angeles, CA 90005"
The Purple Pig,"430 E Illinois St, Chicago, IL 60611"
The Rail - Dublin,"3942 Ivygate Pl, Dublin, OH 43016"
The Ranch,"907 W John Carpenter Fwy, Irving, TX 75039"
The Red Dot Coffee Company,"115 Walnut St, Northville, MI 48167"
The Reservoir,"850 W Montrose Ave, Chicago, IL 60613"
The Revel Room,"1564 N Milwaukee Ave, Chicago, IL 60622"
The Roasterie Cafe - Kansas City,"2704 W 27th St, Kansas City, MO 64108"
The Roasterie Roasting Facility,"2704 W 27th St, Kansas City, MO 64108"
The Roll Ice Cream,"136 Main St, Huntington Beach, CA 92648"
"The Rooftop at The Standard, Downtown LA","548 Flower St, Los Angeles, CA 90071"
The Rookery,"2113 W Chicago Ave, Chicago, IL 60622"
The Science Cream,"1516 S Congress Ave, Austin, TX 78704"
The Signature Room at the 95th,"400 E Chicago Ave, Chicago, IL 60611"
"The Standard, Downtown LA","102 W 6th St, Los Angeles, CA 90017"
The Stocking Frame,"913 S Hill St, Los Angeles, CA 90015"
The Swill Inn,"413 N Milwaukee Ave, Chicago, IL 60654"
The Varnish,"110 E 6th St, Los Angeles, CA 90014"
The Vic Theatre,"3140 N Sheffield Ave, Chicago, IL 60657"
The Violet Hour,"1520a N Damen Ave, Chicago, IL 60622"
The Well,"1010 S Olive St, Los Angeles, CA 90015"
The Whale Chicago,"2427 N Richmond St, Chicago, IL 60647"
The Whistler,"2423 N Milwaukee Ave, Chicago, IL 60647"
The Wiener's Circle,"2616 N Clark St, Chicago, IL 60614"
The Wormhole Coffee,"1466 N Milwaukee Ave, Chicago, IL 60622"
Theory,"11 W Hubbard St, Chicago, IL 60654"
Thip Khao,"3462 14th St NW, Washington, DC 20010"
Thirsty Lion Gastropub & Grill,"101 W Northwest Hwy, Grapevine, TX 76051"
Thirsty Whale,"22 Rodick St, Bar Harbor, ME 04609"
Three Dots and A Dash,"427 N Clark St, Chicago, IL 60654"
Three Happiness,"213 W Cermak Rd, Chicago, IL 60616"
Tig Coili,"24 Mainguard St, Galway, Co. Galway, H91 XR50, Ir"
Timothy O'Toole's Pub - Chicago,"277E E Ontario St, Chicago, IL 60611"
Tina'S Italian Ice,"1045 W Bryn Mawr Ave, Chicago, IL 60660"
Tiny Tapp & Cafe,"55 Chicago Riverwalk, Chicago, IL 60601"
TJ's Seafood Market,"4210 Oak Lawn Ave, Dallas, TX 75219"
Toast,"2042 N Damen Ave, Chicago, IL 60647"
Todos Santos,"2801 W Armitage Ave, Chicago, IL 60647"
Tom Yum Cafe,"3110 N Broadway, Chicago, IL 60657"
TOMGEORGE Restaurant,"707 S Grand Ave, Los Angeles, CA 90017"
Tom's Town Distilling,"1703 Main St, Kansas City, MO 64108"
Torali,"180 E Chestnut St, Chicago, IL 60611"
Torchy's Tacos,"1806 S Congress Ave, Austin, TX 78704"
Town Hall Pub,"802 W Buckingham Pl, Chicago, IL 60657"
Townhall,"1901 W 25th St, Cleveland, OH 44113"
Trattoria Magnetti,"10 Quay St, House, Co. Galway, H91 FXY4, Ir"
Trick Dog,"3012 20th St, San Francisco, CA 94110"
Triple 8 China Bar & Grill,"888 W Olympic Blvd, Los Angeles, CA 90015"
Triptych Brewing,"1704 Woodfield Dr, Savoy, IL 61874"
Tropical Liqueurs - Springfield,"416 S Campbell Ave, Springfield, MO 65806"
Truc Lam,"3743 Old Rte 66, St. Louis, MO 63116"
Trudy's Texas Star,"405 W 30th St, Austin, TX 78705"
True Food Kitchen,"9 W Erie St, Chicago, IL 60654"
Tsim Sha Tsui Cafe,"1631 Chicago Ave, Evanston, IL 60201"
Tsujita LA Artisan Noodle,"2055 Sawtelle Blvd, Los Angeles, CA 90025"
Tuckaway Cafe,"2301 Estero Blvd, Fort Myers Beach, FL 33931"
Twain's Brewpub & Billiards,"211 E Trinity Pl, Decatur, GA 30030"
Twin Dragon Buffet & Grill,"7751 Tylersville Rd, West Chester Township, OH 45069"
Twin Oaks Tavern Winery,"17939 Raven Rocks Rd, Bluemont, VA 20135"
Tzuco,"1 W Superior St, Chicago, IL 60654"
U :Dessert Story,"12 Dehon St, San Francisco, CA 94114"
Udupi Palace,"1446 Gerrard St E, Toronto, ON M4L 1Z8, C"
Umai,"1225 W Fullerton Ave, Chicago, IL 60614"
Umami Burger - Wicker Park,"1484 N Milwaukee Ave, Chicago, IL 60622"
Uncle Bill's Pancake & Dinner House,"14196 MO-100, Manchester, MO 63021"
Uncle Mike's Place,"502 N Paulina St, Chicago, IL 60622"
Uncle Yip's Restaurant,"1235 Vine St, Cincinnati, OH 45202"
Uncommon Ground,"1216 W Grace St, Chicago, IL 60613"
Under the Volcano,"2349 Morningside Dr, Houston, TX 77005"
Uni Uni Uptown - Chicago,"1128 W Argyle St, Chicago, IL 60640"
Union Lodge No.1,"1404 Champa St, Denver, CO 80202"
Union Sushi + Barbeque Bar,"228 W Erie St, Chicago, IL 60654"
Untitled Supper Club,"121 W Kinzie St, Chicago, IL 60610"
Up-Down,"1910 Baltimore Ave, Kansas City, MO 64108"
"UpForDayz Coffee, Tea & Juice","86 San Jose Avenue, San Francisco, CA 94110"
Urban iBrows,"470 N Wells St, Chicago, IL 60654"
Urbanbelly,"1410 W Randolph St, Chicago, IL 60607"
Urth Caffé- Downtown LA,"452 S Hewitt St, Los Angeles, CA 90013"
Uru Swati,"2624 W Devon Ave, Chicago, IL 60645"
Valerie at Grand Central Market,"325 S Broadway, Los Angeles, CA 90013"
Velvet Taco,"16 W Elm St, Chicago, IL 60610"
Veracruz All Natural,"1808 1/2 E Cesar Chavez St, Austin, TX 78702"
Victory Cafe,"105 N Main St, Galena, IL 61036"
Victory Grill,"2244 N Milwaukee Ave, Chicago, IL 60647"
Viet Sub,"1682 Robson St, Vancouver, BC V6G 1C7, C"
Voodoo Doughnut,"214 Old Pecan St, Austin, TX 78701"
Wah Kee Wonton Noodle,"603 E Wilson St, Madison, WI 53703"
Wake-n-Bakery,"3504 N Broadway, Chicago, IL 60657"
Wally's - Beverly Hills,"447 N Canon Dr, Beverly Hills, CA 90210"
Water Grill - Los Angeles,"550 S Grand Ave, Los Angeles, CA 90071"
Waves Coffee House,"107 W 1st St, North Vancouver, BC V7M 1B1, C"
WC Harlan,"418 W 23rd St, Baltimore, MD 21211"
Weather Mark Tavern,"1475 S Michigan Ave, Chicago, IL 60605"
We're Pouring,"521 E Glenoaks Blvd, Glendale, CA 91207"
West Alabama Ice House,"1909 W Alabama St, Houston, TX 77098"
West Town Bakery & Diner,"1914 W Chicago Ave, Chicago, IL 60622"
Westville,"500 E 11th St, New York, NY 10009"
Whataburger,"500 1/2 S 1st St, Austin, TX 78704"
White House Tavern,"234 E Hopkins Ave, Aspen, CO 81611"
Wildberry Pancakes and Cafe,"117 E Lake St, Chicago, IL 60601"
Wilde Bar & Restaurant,"3132 N Broadway, Chicago, IL 60657"
Wildhawk,"3466 19th St, San Francisco, CA 94110"
Williamsburg Smorgasburg - Saturday,"33 N 7th St, Brooklyn, NY 11249"
Willow Room,"810 W Willow St, Chicago, IL 60614"
Winchell's Donuts,"1300 Vine St, Los Angeles, CA 90028"
Wings and Rings,"8220 Market Pl Dr, West Chester Township, OH 45069"
Wired Coffee House,"3500 US Hwy 41, Chicago, IL 60657"
Wise Sons Jewish Deli,"3152 24th St, San Francisco, CA 94110"
Wolf & Crane Bar,"861 E 2nd St, Los Angeles, CA 90012"
WonFun & 2Fun Chinese,"901 W Randolph St, Chicago, IL 60607"
Wonton Gourmet,"1425 Elmhurst Rd, Elk Grove Village, IL 60007"
Wood,"3337 N Halsted St, Chicago, IL 60657"
Woodhaven Bar and Kitchen,"700 N Clark St, Chicago, IL 60654"
World Famous N'awlins Cafe & Spice Emporium,"17 French Market Pl, New Orleans, LA 70116"
Wrigley BBQ,"3555 N Broadway, Chicago, IL 60657"
Wurstküche,"812 E 3rd St, Los Angeles, CA 90013"
Xi'an Cuisine,"765 W Jackson Blvd, Chicago, IL 60661"
Xi'an Famous Foods,"309w W 14th St, New York, NY 10014"
Yefseis Cafe,"3350 N Halsted St, Chicago, IL 60657"
Yemen Cafe,"8741 Joseph Campau Ave, Hamtramck, MI 48212"
Yeowoosai,"6246 N California Ave, Chicago, IL 60659"
Yogurtland,"575 N Main St, Panguitch, UT 84759"
Yojié Japanese Fondue,"913 S Hill St, Los Angeles, CA 90015"
Yolk - Streeterville,"340 E Grand Ave, Chicago, IL 60611"
Yolk Test Kitchen - Chicago,"1743 N Milwaukee Ave, Chicago, IL 60647"
Yuki Hana,"2920 N Clark St, Chicago, IL 60657"
Yuko Kitchen DTLA,"5 W 5th St, Los Angeles, CA 90013"
Yummy Yummy Noodles,"105 W 23rd Pl, Chicago, IL 60616"
Yu's Mandarin,"204 E Golf Rd, Schaumburg, IL 60173"
Zane's Tavern,"300 S Hunter St, Aspen, CO 81611"
Zebra Lounge,"1220 N State Pkwy, Chicago, IL 60610"
